insert into Escuelas values(1165974951,'ESCOM');
insert into Materias values(1165974951,1165974956,'ELECTRONICA ANALOGICA');
insert into practicas values(1165974961,1165974956,'-2002');
insert into DetallePractica values(1165974961,'DZ3.3V',1.000);
insert into DetallePractica values(1165974961,'DZ5.1V',1.000);
insert into DetallePractica values(1165974961,'DZ9.1V',1.000);
insert into DetallePractica values(1165974961,'R82w5',1.000);
insert into DetallePractica values(1165974961,'R33w1',1.000);
insert into DetallePractica values(1165974961,'R47w1',1.000);
insert into DetallePractica values(1165974961,'R120w1/2',5.000);
insert into DetallePractica values(1165974961,'R220w1/2',5.000);
insert into DetallePractica values(1165974961,'POT10K',2.000);
insert into DetallePractica values(1165974961,'R100w10',2.000);
insert into DetallePractica values(1165974961,'CC0.1µf',4.000);
insert into DetallePractica values(1165974961,'LM7805',1.000);
insert into DetallePractica values(1165974961,'LM7812',1.000);
insert into DetallePractica values(1165974961,'LM7905',1.000);
insert into DetallePractica values(1165974961,'LM7912',1.000);
insert into DetallePractica values(1165974961,'LM317T',1.000);
insert into DetallePractica values(1165974961,'LM337',1.000);
insert into DetallePractica values(1165974961,'R56w5',2.000);
insert into DetallePractica values(1165974961,'R27w5',2.000);
insert into DetallePractica values(1165974961,'CE10µf/50',2.000);
insert into practicas values(1165974965,1165974956,'3');
insert into DetallePractica values(1165974965,'DZ3.3V',2.000);
insert into DetallePractica values(1165974965,'DZ5.1V',2.000);
insert into DetallePractica values(1165974965,'DZ9.1V',2.000);
insert into DetallePractica values(1165974965,'R82w5',2.000);
insert into DetallePractica values(1165974965,'R33w1',2.000);
insert into DetallePractica values(1165974965,'R47w1',2.000);
insert into DetallePractica values(1165974965,'R120w1/2',5.000);
insert into DetallePractica values(1165974965,'R220w1/2',5.000);
insert into DetallePractica values(1165974965,'POT10K',2.000);
insert into DetallePractica values(1165974965,'R100w10',2.000);
insert into DetallePractica values(1165974965,'CC0.1µf',4.000);
insert into DetallePractica values(1165974965,'CE10µf/63',2.000);
insert into DetallePractica values(1165974965,'LM7805',1.000);
insert into DetallePractica values(1165974965,'LM7812',1.000);
insert into DetallePractica values(1165974965,'LM7905',1.000);
insert into DetallePractica values(1165974965,'LM7912',1.000);
insert into DetallePractica values(1165974965,'LM317T',1.000);
insert into DetallePractica values(1165974965,'LM337',1.000);
insert into practicas values(1165974969,1165974956,'4');
insert into DetallePractica values(1165974969,'2N2222A',2.000);
insert into DetallePractica values(1165974969,'BC547C',2.000);
insert into DetallePractica values(1165974969,'BC557C',2.000);
insert into DetallePractica values(1165974969,'R560w1/2',5.000);
insert into DetallePractica values(1165974969,'R470Kw1/2',5.000);
insert into DetallePractica values(1165974969,'R220w1/2',5.000);
insert into DetallePractica values(1165974969,'R1.2Kw1/2',5.000);
insert into DetallePractica values(1165974969,'R4.7Kw1/2',5.000);
insert into practicas values(1165974972,1165974956,'5');
insert into DetallePractica values(1165974972,'2N2222A',4.000);
insert into DetallePractica values(1165974972,'R18w1/2',5.000);
insert into DetallePractica values(1165974972,'R82w1/2',5.000);
insert into DetallePractica values(1165974972,'R100w1/2',5.000);
insert into DetallePractica values(1165974972,'R1Kw1/2',10.000);
insert into DetallePractica values(1165974972,'R2.2Kw1/2',5.000);
insert into DetallePractica values(1165974972,'R8.2Kw1/2',5.000);
insert into DetallePractica values(1165974972,'R470Kw1/2',5.000);
insert into DetallePractica values(1165974972,'CC0.1µf',6.000);
insert into DetallePractica values(1165974972,'CE10µf/63',2.000);
insert into practicas values(1165974976,1165974956,'7');
insert into DetallePractica values(1165974976,'LM741',2.000);
insert into DetallePractica values(1165974976,'R1Kw1/2',10.000);
insert into DetallePractica values(1165974976,'R10Kw1/2',5.000);
insert into DetallePractica values(1165974976,'R100Kw1/2',5.000);
insert into DetallePractica values(1165974976,'R560Kw1/2',5.000);
insert into DetallePractica values(1165974976,'R560w1/2',5.000);
insert into DetallePractica values(1165974976,'R15Kw1/2',5.000);
insert into DetallePractica values(1165974976,'R150Kw1/2',5.000);
insert into DetallePractica values(1165974976,'R2.2Kw1/2',5.000);
insert into DetallePractica values(1165974976,'CC0.01µf',1.000);
insert into DetallePractica values(1165974976,'CC0.0022µ',1.000);
insert into DetallePractica values(1165974976,'CC100pf',1.000);
insert into Materias values(1165974951,1165974979,'INTRODUCCION A LOS MICROPROCESADORES');
insert into practicas values(1165974984,1165974979,'1');
insert into DetallePractica values(1165974984,'CE100µf/50',1.000);
insert into Escuelas values(1165974987,'ESIME');
insert into Materias values(1165974987,1165974992,'COMPUTACIONIV');
insert into practicas values(1165974997,1165974992,'1');
insert into DetallePractica values(1165974997,'DIP8INT',1.000);
insert into DetallePractica values(1165974997,'LEDV',6.000);
insert into DetallePractica values(1165974997,'R470w1/2',10.000);
insert into DetallePractica values(1165974997,'74LS08',1.000);
insert into DetallePractica values(1165974997,'74LS00',1.000);
insert into DetallePractica values(1165974997,'74LS32',1.000);
insert into DetallePractica values(1165974997,'74LS02',1.000);
insert into DetallePractica values(1165974997,'74LS86',1.000);
insert into DetallePractica values(1165974997,'74LS266',1.000);
insert into practicas values(1165975001,1165974992,'2');
insert into DetallePractica values(1165975001,'DIP8INT',2.000);
insert into DetallePractica values(1165975001,'LEDR',3.000);
insert into DetallePractica values(1165975001,'R470w1/2',15.000);
insert into DetallePractica values(1165975001,'74LS10',2.000);
insert into DetallePractica values(1165975001,'74LS11',2.000);
insert into DetallePractica values(1165975001,'74LS04',2.000);
insert into DetallePractica values(1165975001,'74LS32',2.000);
insert into DetallePractica values(1165975001,'74LS21',1.000);
insert into practicas values(1165975005,1165974992,'3');
insert into DetallePractica values(1165975005,'DIP8INT',2.000);
insert into DetallePractica values(1165975005,'LEDR',2.000);
insert into DetallePractica values(1165975005,'R470w1/2',15.000);
insert into DetallePractica values(1165975005,'74LS04',2.000);
insert into DetallePractica values(1165975005,'74LS08',3.000);
insert into DetallePractica values(1165975005,'74LS32',3.000);
insert into DetallePractica values(1165975005,'74LS21',2.000);
insert into practicas values(1165975009,1165974992,'4');
insert into DetallePractica values(1165975009,'DIP8INT',2.000);
insert into DetallePractica values(1165975009,'LEDR',12.000);
insert into DetallePractica values(1165975009,'R470w1/2',20.000);
insert into DetallePractica values(1165975009,'74LS08',2.000);
insert into DetallePractica values(1165975009,'74LS32',2.000);
insert into DetallePractica values(1165975009,'74LS04',1.000);
insert into practicas values(1165975012,1165974992,'5');
insert into DetallePractica values(1165975012,'DIP8INT',2.000);
insert into DetallePractica values(1165975012,'LEDV',2.000);
insert into DetallePractica values(1165975012,'LEDA',2.000);
insert into DetallePractica values(1165975012,'R470w1/2',20.000);
insert into DetallePractica values(1165975012,'74LS04',2.000);
insert into DetallePractica values(1165975012,'74LS147',1.000);
insert into DetallePractica values(1165975012,'74LS47',1.000);
insert into practicas values(1165975016,1165974992,'6');
insert into DetallePractica values(1165975016,'DIP8INT',2.000);
insert into DetallePractica values(1165975016,'LEDR',4.000);
insert into DetallePractica values(1165975016,'R470w1/2',20.000);
insert into DetallePractica values(1165975016,'R220w1/2',5.000);
insert into DetallePractica values(1165975016,'74LS04',2.000);
insert into DetallePractica values(1165975016,'74LS147',1.000);
insert into DetallePractica values(1165975016,'74LS47',1.000);
insert into practicas values(1165975020,1165974992,'7');
insert into DetallePractica values(1165975020,'DIP8INT',2.000);
insert into DetallePractica values(1165975020,'LEDR',5.000);
insert into DetallePractica values(1165975020,'LEDV',5.000);
insert into DetallePractica values(1165975020,'LEDA',1.000);
insert into DetallePractica values(1165975020,'R22Kw1/2',5.000);
insert into DetallePractica values(1165975020,'R470w1/2',20.000);
insert into DetallePractica values(1165975020,'PRE4.7M',1.000);
insert into DetallePractica values(1165975020,'74LS175',1.000);
insert into DetallePractica values(1165975020,'74LS112',2.000);
insert into DetallePractica values(1165975020,'74LS04',1.000);
insert into DetallePractica values(1165975020,'NE555',1.000);
insert into DetallePractica values(1165975020,'CE1µf/63',1.000);
insert into practicas values(1165975024,1165974992,'8');
insert into DetallePractica values(1165975024,'LEDA',3.000);
insert into DetallePractica values(1165975024,'LEDV',3.000);
insert into DetallePractica values(1165975024,'LEDR',3.000);
insert into DetallePractica values(1165975024,'R1Kw1/2',5.000);
insert into DetallePractica values(1165975024,'R220w1/2',5.000);
insert into DetallePractica values(1165975024,'R22Kw1/2',5.000);
insert into DetallePractica values(1165975024,'R330w1/2',10.000);
insert into DetallePractica values(1165975024,'PRE1M',1.000);
insert into DetallePractica values(1165975024,'PUSH2P',1.000);
insert into DetallePractica values(1165975024,'NE555',1.000);
insert into DetallePractica values(1165975024,'74LS193',2.000);
insert into DetallePractica values(1165975024,'74LS47',2.000);
insert into DetallePractica values(1165975024,'74LS04',1.000);
insert into DetallePractica values(1165975024,'74LS21',1.000);
insert into DetallePractica values(1165975024,'CE1µf/63',1.000);
insert into Materias values(1165974987,1165975027,'COMPUV');
insert into practicas values(1165975032,1165975027,'1');
insert into DetallePractica values(1165975032,'74LS93',1.000);
insert into DetallePractica values(1165975032,'74LS161',1.000);
insert into DetallePractica values(1165975032,'74LS08',1.000);
insert into DetallePractica values(1165975032,'74LS00',1.000);
insert into DetallePractica values(1165975032,'CRIS4MHZ',1.000);
insert into DetallePractica values(1165975032,'R330w1/2',5.000);
insert into DetallePractica values(1165975032,'R10Kw1/2',5.000);
insert into practicas values(1165975036,1165975027,'2');
insert into DetallePractica values(1165975036,'DIP8INT',1.000);
insert into DetallePractica values(1165975036,'PUSH2P',3.000);
insert into DetallePractica values(1165975036,'R10Kw1/2',10.000);
insert into DetallePractica values(1165975036,'74LS373',1.000);
insert into DetallePractica values(1165975036,'2732',1.000);
insert into DetallePractica values(1165975036,'74LS04',2.000);
insert into DetallePractica values(1165975036,'LEDV',8.000);
insert into DetallePractica values(1165975036,'LEDR',8.000);
insert into DetallePractica values(1165975036,'R330w1/2',20.000);
insert into practicas values(1165975039,1165975027,'3');
insert into DetallePractica values(1165975039,'PUSH2P',1.000);
insert into DetallePractica values(1165975039,'JUMPERS',2.000);
insert into DetallePractica values(1165975039,'HEADERSEN',1.000);
insert into DetallePractica values(1165975039,'8088',1.000);
insert into DetallePractica values(1165975039,'74LS245',1.000);
insert into DetallePractica values(1165975039,'74LS139',1.000);
insert into practicas values(1165975043,1165975027,'4');
insert into DetallePractica values(1165975043,'74LS74',1.000);
insert into DetallePractica values(1165975043,'74LS73',1.000);
insert into DetallePractica values(1165975043,'R10Kw1/2',5.000);
insert into Materias values(1165974987,1165975046,'ELECTRINICAII');
insert into practicas values(1165975051,1165975046,'1');
insert into DetallePractica values(1165975051,'R10Kw1/2',5.000);
insert into DetallePractica values(1165975051,'R1.2Kw1/2',5.000);
insert into DetallePractica values(1165975051,'R12Kw1/2',5.000);
insert into DetallePractica values(1165975051,'CC0.01µf',1.000);
insert into DetallePractica values(1165975051,'CC0.001µf',1.000);
insert into practicas values(1165975055,1165975046,'3');
insert into DetallePractica values(1165975055,'LM741',2.000);
insert into DetallePractica values(1165975055,'R1Kw1/2',5.000);
insert into DetallePractica values(1165975055,'R10Kw1/2',5.000);
insert into DetallePractica values(1165975055,'R100Kw1/2',5.000);
insert into DetallePractica values(1165975055,'R330w1/2',5.000);
insert into DetallePractica values(1165975055,'R680w1/2',5.000);
insert into DetallePractica values(1165975055,'R27w1/2',5.000);
insert into DetallePractica values(1165975055,'PRE10K',1.000);
insert into DetallePractica values(1165975055,'CC0.1µf',1.000);
insert into DetallePractica values(1165975055,'CC0.01µf',1.000);
insert into DetallePractica values(1165975055,'CC0.001µf',1.000);
insert into DetallePractica values(1165975055,'1N4148',2.000);
insert into practicas values(1165975059,1165975046,'8');
insert into DetallePractica values(1165975059,'LM741',2.000);
insert into DetallePractica values(1165975059,'R1Kw1/2',5.000);
insert into DetallePractica values(1165975059,'R10Kw1/2',5.000);
insert into DetallePractica values(1165975059,'R100Kw1/2',5.000);
insert into DetallePractica values(1165975059,'R330w1/2',5.000);
insert into DetallePractica values(1165975059,'R680w1/2',5.000);
insert into DetallePractica values(1165975059,'R27w1/2',5.000);
insert into DetallePractica values(1165975059,'PRE10K',1.000);
insert into DetallePractica values(1165975059,'CC0.1µf',1.000);
insert into DetallePractica values(1165975059,'CC0.01µf',1.000);
insert into DetallePractica values(1165975059,'CC0.001µf',1.000);
insert into DetallePractica values(1165975059,'1N4148',2.000);
insert into Materias values(1165974987,1165975061,'ELECTRINICAIII');
insert into practicas values(1165975066,1165975061,'4');
insert into DetallePractica values(1165975066,'74LS125',1.000);
insert into DetallePractica values(1165975066,'4011',1.000);
insert into DetallePractica values(1165975066,'74LS00',1.000);
insert into DetallePractica values(1165975066,'74LS06',1.000);
insert into DetallePractica values(1165975066,'MOC3011',1.000);
insert into DetallePractica values(1165975066,'R1Kw1/2',5.000);
insert into DetallePractica values(1165975066,'R220w1/2',5.000);
insert into DetallePractica values(1165975066,'R100w1/2',5.000);
insert into DetallePractica values(1165975066,'LEDR',4.000);
insert into DetallePractica values(1165975066,'2N6071',1.000);
insert into DetallePractica values(1165975066,'TRA12V500MA',1.000);
insert into Materias values(1165974987,1165975069,'ELECTRONICA1');
insert into practicas values(1165975075,1165975069,'1');
insert into DetallePractica values(1165975075,'OA81',1.000);
insert into DetallePractica values(1165975075,'R1Kw1/2',5.000);
insert into DetallePractica values(1165975075,'1N4004',2.000);
insert into practicas values(1165975078,1165975069,'2');
insert into DetallePractica values(1165975078,'1N4004',11.000);
insert into DetallePractica values(1165975078,'LEDR',2.000);
insert into DetallePractica values(1165975078,'R1Kw1/2',5.000);
insert into DetallePractica values(1165975078,'R22Kw1/2',5.000);
insert into DetallePractica values(1165975078,'R470w1/2',5.000);
insert into DetallePractica values(1165975078,'CE1µf/63',2.000);
insert into DetallePractica values(1165975078,'TRA12V125MA',1.000);
insert into DetallePractica values(1165975078,'CLAVIJA',1.000);
insert into practicas values(1165975082,1165975069,'3');
insert into DetallePractica values(1165975082,'1N4004',1.000);
insert into DetallePractica values(1165975082,'LEDR',1.000);
insert into DetallePractica values(1165975082,'OA81',1.000);
insert into DetallePractica values(1165975082,'1N4148',1.000);
insert into DetallePractica values(1165975082,'R1Kw1/2',5.000);
insert into practicas values(1165975086,1165975069,'4');
insert into DetallePractica values(1165975086,'DZ3.9V',1.000);
insert into DetallePractica values(1165975086,'DZ9.1V',1.000);
insert into DetallePractica values(1165975086,'DZ5.6V',1.000);
insert into DetallePractica values(1165975086,'R1Kw1/2',5.000);
insert into DetallePractica values(1165975086,'R330w2',2.000);
insert into DetallePractica values(1165975086,'R10Kw1/2',5.000);
insert into DetallePractica values(1165975086,'R22Kw1/2',5.000);
insert into DetallePractica values(1165975086,'R560w2',1.000);
insert into DetallePractica values(1165975086,'R220w2',1.000);
insert into DetallePractica values(1165975086,'R100w2',1.000);
insert into practicas values(1165975090,1165975069,'6');
insert into DetallePractica values(1165975090,'BC547B',4.000);
insert into DetallePractica values(1165975090,'R1Kw1/2',5.000);
insert into DetallePractica values(1165975090,'R100Kw1/2',5.000);
insert into DetallePractica values(1165975090,'NTE103A',1.000);
insert into practicas values(1165975093,1165975069,'7');
insert into DetallePractica values(1165975093,'TIP41',2.000);
insert into DetallePractica values(1165975093,'DZ5.6V',2.000);
insert into DetallePractica values(1165975093,'LEDR',1.000);
insert into DetallePractica values(1165975093,'BC547B',4.000);
insert into DetallePractica values(1165975093,'R1Kw1/2',5.000);
insert into DetallePractica values(1165975093,'R100Kw1/2',5.000);
insert into DetallePractica values(1165975093,'R2.2Kw1/2',5.000);
insert into DetallePractica values(1165975093,'R47Kw1/2',5.000);
insert into DetallePractica values(1165975093,'R4.7Kw1/2',5.000);
insert into DetallePractica values(1165975093,'R3.3Kw1/2',5.000);
insert into DetallePractica values(1165975093,'R820w1/2',5.000);
insert into DetallePractica values(1165975093,'R10Kw1/2',5.000);
insert into DetallePractica values(1165975093,'R100w2',4.000);
insert into DetallePractica values(1165975093,'R220w2',2.000);
insert into DetallePractica values(1165975093,'R560w2',2.000);
insert into DetallePractica values(1165975093,'R56w2',1.000);
insert into DetallePractica values(1165975093,'R10w2',1.000);
insert into DetallePractica values(1165975093,'R330w2',1.000);
insert into DetallePractica values(1165975093,'R150w2',1.000);
insert into DetallePractica values(1165975093,'POT10K',2.000);
insert into practicas values(1165975097,1165975069,'8');
insert into DetallePractica values(1165975097,'C106D',2.000);
insert into DetallePractica values(1165975097,'2N6071',2.000);
insert into DetallePractica values(1165975097,'R10Kw1',1.000);
insert into DetallePractica values(1165975097,'R330w2',1.000);
insert into DetallePractica values(1165975097,'R1Kw1/2',5.000);
insert into DetallePractica values(1165975097,'R100w1/2',5.000);
insert into DetallePractica values(1165975097,'POT5K',1.000);
insert into practicas values(1165975101,1165975069,'9');
insert into DetallePractica values(1165975101,'C106D',2.000);
insert into DetallePractica values(1165975101,'2N6071',2.000);
insert into DetallePractica values(1165975101,'neon',1.000);
insert into DetallePractica values(1165975101,'R330w1',2.000);
insert into DetallePractica values(1165975101,'R15Kw1/2',5.000);
insert into DetallePractica values(1165975101,'R100w1/2',5.000);
insert into DetallePractica values(1165975101,'R470w1/2',5.000);
insert into DetallePractica values(1165975101,'R4.7Kw1/2',5.000);
insert into DetallePractica values(1165975101,'POT100K',2.000);
insert into DetallePractica values(1165975101,'POT5K',1.000);
insert into DetallePractica values(1165975101,'CC0.1µf',4.000);
insert into DetallePractica values(1165975101,'CLAVIJA',1.000);
insert into practicas values(1165975105,1165975069,'10');
insert into DetallePractica values(1165975105,'2N5457',2.000);
insert into DetallePractica values(1165975105,'1N4004',1.000);
insert into DetallePractica values(1165975105,'R1Mw1/2',5.000);
insert into DetallePractica values(1165975105,'R1Kw1/2',5.000);
insert into DetallePractica values(1165975105,'R10Kw1/2',5.000);
insert into DetallePractica values(1165975105,'CC0.1µf',1.000);
insert into practicas values(1165975109,1165975069,'11');
insert into DetallePractica values(1165975109,'4007',2.000);
insert into DetallePractica values(1165975109,'BUZ71A',1.000);
insert into DetallePractica values(1165975109,'1N4004',1.000);
insert into DetallePractica values(1165975109,'R1Mw1/2',5.000);
insert into DetallePractica values(1165975109,'R1Kw1/2',5.000);
insert into DetallePractica values(1165975109,'R10Kw1/2',5.000);
insert into DetallePractica values(1165975109,'R100Kw1/2',5.000);
insert into DetallePractica values(1165975109,'CC0.1µf',1.000);
insert into practicas values(1165975112,1165975069,'12');
insert into DetallePractica values(1165975112,'4007',2.000);
insert into DetallePractica values(1165975112,'R1Mw1/2',5.000);
insert into DetallePractica values(1165975112,'R2.2Mw1/2',5.000);
insert into DetallePractica values(1165975112,'R10Kw1/2',10.000);
insert into DetallePractica values(1165975112,'CC0.1µf',4.000);
insert into DetallePractica values(1165975112,'CE150µf/25',1.000);
insert into DetallePractica values(1165975112,'BUZ71A',1.000);
insert into DetallePractica values(1165975112,'1N4004',2.000);
insert into DetallePractica values(1165975112,'R220w2',1.000);
insert into DetallePractica values(1165975112,'R100w2',1.000);
insert into practicas values(1165975117,1165975069,'13');
insert into DetallePractica values(1165975117,'FOTOTRANSISTORNE',1.000);
insert into DetallePractica values(1165975117,'LEDR',1.000);
insert into DetallePractica values(1165975117,'MCT2',1.000);
insert into DetallePractica values(1165975117,'MOC3031',1.000);
insert into DetallePractica values(1165975117,'R1Kw1/2',5.000);
insert into DetallePractica values(1165975117,'R47w1/2',5.000);
insert into DetallePractica values(1165975117,'R100w1',2.000);
insert into DetallePractica values(1165975117,'R470w1',1.000);
insert into DetallePractica values(1165975117,'CC0.1µf',2.000);
insert into DetallePractica values(1165975117,'FOCO12-14V',1.000);
insert into DetallePractica values(1165975117,'SOCKETROSCA',1.000);
insert into practicas values(1165975120,1165975069,'14');
insert into DetallePractica values(1165975120,'2N2646',1.000);
insert into DetallePractica values(1165975120,'CC0.1µf',2.000);
insert into DetallePractica values(1165975120,'R33w1/2',5.000);
insert into DetallePractica values(1165975120,'R1Kw1/2',5.000);
insert into DetallePractica values(1165975120,'R10Kw1/2',5.000);
insert into DetallePractica values(1165975120,'POT100K',1.000);
insert into practicas values(1165975124,1165975069,'15');
insert into DetallePractica values(1165975124,'TRA9V1A',1.000);
insert into DetallePractica values(1165975124,'PUEDIO2A',1.000);
insert into DetallePractica values(1165975124,'CE1000µf/25',1.000);
insert into DetallePractica values(1165975124,'LM7805',1.000);
insert into DetallePractica values(1165975124,'CE1µf/63',1.000);
insert into Materias values(1165974987,1165975127,'ELECTRONICAII');
insert into practicas values(1165975132,1165975127,'2');
insert into DetallePractica values(1165975132,'TRA24V1A',1.000);
insert into DetallePractica values(1165975132,'CLAVIJA',1.000);
insert into DetallePractica values(1165975132,'1N4001',4.000);
insert into DetallePractica values(1165975132,'R100w5',3.000);
insert into DetallePractica values(1165975132,'LM7812',1.000);
insert into DetallePractica values(1165975132,'LM7912',1.000);
insert into DetallePractica values(1165975132,'CE470µf/25',4.000);
insert into DetallePractica values(1165975132,'CC0.1µf',2.000);
insert into Materias values(1165974987,1165975135,'ELECTRONICAIV');
insert into practicas values(1165975140,1165975135,'1');
insert into DetallePractica values(1165975140,'OA81',1.000);
insert into DetallePractica values(1165975140,'1N4004',2.000);
insert into DetallePractica values(1165975140,'R1Kw1/2',5.000);
insert into practicas values(1165975143,1165975135,'4');
insert into DetallePractica values(1165975143,'TRA24V3A',1.000);
insert into DetallePractica values(1165975143,'LM7812',1.000);
insert into DetallePractica values(1165975143,'LM7912',1.000);
insert into DetallePractica values(1165975143,'CE470µf/50',2.000);
insert into DetallePractica values(1165975143,'CP0.33µf',2.000);
insert into DetallePractica values(1165975143,'CC0.1µf',3.000);
insert into DetallePractica values(1165975143,'PUEDIO4A',1.000);
insert into DetallePractica values(1165975143,'PRE47K',1.000);
insert into DetallePractica values(1165975143,'CC0.047µf',2.000);
insert into DetallePractica values(1165975143,'CP0.15',1.000);
insert into DetallePractica values(1165975143,'LM741',1.000);
insert into DetallePractica values(1165975143,'BC547B',1.000);
insert into DetallePractica values(1165975143,'NE555',1.000);
insert into DetallePractica values(1165975143,'4070',1.000);
insert into DetallePractica values(1165975143,'4081',1.000);
insert into DetallePractica values(1165975143,'R4.7Kw1/2',5.000);
insert into DetallePractica values(1165975143,'R2.2Kw1/2',5.000);
insert into DetallePractica values(1165975143,'1N4148',4.000);
insert into DetallePractica values(1165975143,'C106D',1.000);
insert into DetallePractica values(1165975143,'R100w1/2',5.000);
insert into DetallePractica values(1165975143,'R82w5',1.000);
insert into DetallePractica values(1165975143,'FOCO12-14V',1.000);
insert into DetallePractica values(1165975143,'SOCKETROSCA',1.000);
insert into DetallePractica values(1165975143,'PLACA5X5',1.000);
insert into DetallePractica values(1165975143,'MARCADOR',1.000);
insert into DetallePractica values(1165975143,'CE4700µf/50',2.000);
insert into Materias values(1165974987,1165975146,'FUENTES');
insert into practicas values(1165975151,1165975146,'1');
insert into DetallePractica values(1165975151,'TRA24V1A',1.000);
insert into DetallePractica values(1165975151,'PUEDIO2A',1.000);
insert into DetallePractica values(1165975151,'CE2200µf/50',3.000);
insert into DetallePractica values(1165975151,'LM7812',1.000);
insert into DetallePractica values(1165975151,'LM7805',1.000);
insert into DetallePractica values(1165975151,'LM7912',1.000);
insert into DetallePractica values(1165975151,'CE1µf/63',3.000);
insert into practicas values(1165975155,1165975146,'2');
insert into DetallePractica values(1165975155,'TRA48V1A',1.000);
insert into DetallePractica values(1165975155,'CE2200µf/50',2.000);
insert into DetallePractica values(1165975155,'LM317T',1.000);
insert into DetallePractica values(1165975155,'LM337',1.000);
insert into DetallePractica values(1165975155,'POT5K',2.000);
insert into DetallePractica values(1165975155,'R220w1/2',5.000);
insert into DetallePractica values(1165975155,'CE1µf/63',2.000);
insert into practicas values(1165975159,1165975146,'3');
insert into DetallePractica values(1165975159,'TRA9V1A',1.000);
insert into DetallePractica values(1165975159,'PUEDIO2A',1.000);
insert into DetallePractica values(1165975159,'CE1000µf/25',1.000);
insert into DetallePractica values(1165975159,'LM7805',1.000);
insert into DetallePractica values(1165975159,'CE1µf',1.000);
insert into practicas values(1165975162,1165975146,'4');
insert into DetallePractica values(1165975162,'TRA48V1A',1.000);
insert into DetallePractica values(1165975162,'CE2200µf/50',2.000);
insert into DetallePractica values(1165975162,'LM317T',1.000);
insert into DetallePractica values(1165975162,'LM337',1.000);
insert into DetallePractica values(1165975162,'POT5K',2.000);
insert into DetallePractica values(1165975162,'R220w1/2',5.000);
insert into DetallePractica values(1165975162,'CE1µf/63',2.000);
insert into DetallePractica values(1165975162,'CHASIS15',1.000);
insert into DetallePractica values(1165975162,'INTBALANCIN',1.000);
insert into DetallePractica values(1165975162,'BORNENEGRO',3.000);
insert into DetallePractica values(1165975162,'CLAVIJA',1.000);
insert into DetallePractica values(1165975162,'PLACAPERFTPRO',1.000);
insert into DetallePractica values(1165975162,'PUEDIO2A',1.000);
insert into DetallePractica values(1165975162,'INTFOCONEON',1.000);
insert into DetallePractica values(1165975162,'FA1Amp',1.000);
insert into DetallePractica values(1165975162,'PORTAFUROSCA',1.000);
insert into Materias values(1165974987,1165975166,'JGO DE RESISTORES');
insert into practicas values(1165975171,1165975166,'1');
insert into DetallePractica values(1165975171,'R1w1/2',5.000);
insert into DetallePractica values(1165975171,'R1.2w1/2',5.000);
insert into DetallePractica values(1165975171,'R1.5w1/2',5.000);
insert into DetallePractica values(1165975171,'R1.8w1/2',5.000);
insert into DetallePractica values(1165975171,'R2.2w1/2',5.000);
insert into DetallePractica values(1165975171,'R2.7w1/2',5.000);
insert into DetallePractica values(1165975171,'R3.3w1/2',5.000);
insert into DetallePractica values(1165975171,'R3.9w1/2',5.000);
insert into DetallePractica values(1165975171,'R4.7w1/2',5.000);
insert into DetallePractica values(1165975171,'R5.6w1/2',5.000);
insert into DetallePractica values(1165975171,'R6.8w1/2',5.000);
insert into DetallePractica values(1165975171,'R8.2w1/2',5.000);
insert into DetallePractica values(1165975171,'R10w1/2',5.000);
insert into DetallePractica values(1165975171,'R12w1/2',5.000);
insert into DetallePractica values(1165975171,'R15w1/2',5.000);
insert into DetallePractica values(1165975171,'R18w1/2',5.000);
insert into DetallePractica values(1165975171,'R22w1/2',5.000);
insert into DetallePractica values(1165975171,'R27w1/2',5.000);
insert into DetallePractica values(1165975171,'R33w1/2',5.000);
insert into DetallePractica values(1165975171,'R39w1/2',5.000);
insert into DetallePractica values(1165975171,'R47w1/2',5.000);
insert into DetallePractica values(1165975171,'R56w1/2',5.000);
insert into DetallePractica values(1165975171,'R68w1/2',5.000);
insert into DetallePractica values(1165975171,'R82w1/2',5.000);
insert into DetallePractica values(1165975171,'R100w1/2',5.000);
insert into DetallePractica values(1165975171,'R120w1/2',5.000);
insert into DetallePractica values(1165975171,'R150w1/2',5.000);
insert into DetallePractica values(1165975171,'R180w1/2',5.000);
insert into DetallePractica values(1165975171,'R220w1/2',5.000);
insert into DetallePractica values(1165975171,'R270w1/2',5.000);
insert into DetallePractica values(1165975171,'R330w1/2',5.000);
insert into DetallePractica values(1165975171,'R390w1/2',5.000);
insert into DetallePractica values(1165975171,'R470w1/2',5.000);
insert into DetallePractica values(1165975171,'R560w1/2',5.000);
insert into DetallePractica values(1165975171,'R680w1/2',5.000);
insert into DetallePractica values(1165975171,'R820w1/2',5.000);
insert into DetallePractica values(1165975171,'R1Kw1/2',5.000);
insert into DetallePractica values(1165975171,'R1.2Kw1/2',5.000);
insert into DetallePractica values(1165975171,'R1.5Kw1/2',5.000);
insert into DetallePractica values(1165975171,'R1.8Kw1/2',5.000);
insert into DetallePractica values(1165975171,'R2.2Kw1/2',5.000);
insert into DetallePractica values(1165975171,'R2.7Kw1/2',5.000);
insert into DetallePractica values(1165975171,'R3.3Kw1/2',5.000);
insert into DetallePractica values(1165975171,'R3.9Kw1/2',5.000);
insert into DetallePractica values(1165975171,'R4.7Kw1/2',5.000);
insert into DetallePractica values(1165975171,'R5.6Kw1/2',5.000);
insert into DetallePractica values(1165975171,'R6.8Kw1/2',5.000);
insert into DetallePractica values(1165975171,'R8.2Kw1/2',5.000);
insert into DetallePractica values(1165975171,'R10Kw1/2',5.000);
insert into DetallePractica values(1165975171,'R12Kw1/2',5.000);
insert into DetallePractica values(1165975171,'R15Kw1/2',5.000);
insert into DetallePractica values(1165975171,'R18Kw1/2',5.000);
insert into DetallePractica values(1165975171,'R22Kw1/2',5.000);
insert into DetallePractica values(1165975171,'R27Kw1/2',5.000);
insert into DetallePractica values(1165975171,'R33Kw1/2',5.000);
insert into DetallePractica values(1165975171,'R39Kw1/2',5.000);
insert into DetallePractica values(1165975171,'R47Kw1/2',5.000);
insert into DetallePractica values(1165975171,'R56Kw1/2',5.000);
insert into DetallePractica values(1165975171,'R68Kw1/2',5.000);
insert into DetallePractica values(1165975171,'R82Kw1/2',5.000);
insert into DetallePractica values(1165975171,'R100Kw1/2',5.000);
insert into DetallePractica values(1165975171,'R120Kw1/2',5.000);
insert into DetallePractica values(1165975171,'R150Kw1/2',5.000);
insert into DetallePractica values(1165975171,'R180Kw1/2',5.000);
insert into DetallePractica values(1165975171,'R220Kw1/2',5.000);
insert into DetallePractica values(1165975171,'R270Kw1/2',5.000);
insert into DetallePractica values(1165975171,'R330Kw1/2',5.000);
insert into DetallePractica values(1165975171,'R390Kw1/2',5.000);
insert into DetallePractica values(1165975171,'R470Kw1/2',5.000);
insert into DetallePractica values(1165975171,'R560Kw1/2',5.000);
insert into DetallePractica values(1165975171,'R680Kw1/2',5.000);
insert into DetallePractica values(1165975171,'R820Kw1/2',5.000);
insert into DetallePractica values(1165975171,'R1Mw1/2',5.000);
insert into DetallePractica values(1165975171,'R1.2Mw1/2',5.000);
insert into DetallePractica values(1165975171,'R1.5Mw1/2',5.000);
insert into DetallePractica values(1165975171,'R1.8Mw1/2',5.000);
insert into DetallePractica values(1165975171,'R2.2Mw1/2',5.000);
insert into DetallePractica values(1165975171,'R2.7Mw1/2',5.000);
insert into DetallePractica values(1165975171,'R3.3Mw1/2',5.000);
insert into DetallePractica values(1165975171,'R3.9Mw1/2',5.000);
insert into DetallePractica values(1165975171,'R4.7Mw1/2',5.000);
insert into DetallePractica values(1165975171,'R5.6Mw1/2',5.000);
insert into DetallePractica values(1165975171,'R6.8Mw1/2',5.000);
insert into DetallePractica values(1165975171,'R8.2Mw1/2',5.000);
insert into DetallePractica values(1165975171,'R10Mw1/2',5.000);
insert into Materias values(1165974987,1165975174,'MICROCONTROLADORES');
insert into practicas values(1165975179,1165975174,'1');
insert into DetallePractica values(1165975179,'PUSH4P',1.000);
insert into DetallePractica values(1165975179,'LEDR',9.000);
insert into DetallePractica values(1165975179,'LEDV',8.000);
insert into DetallePractica values(1165975179,'R330w1/2',20.000);
insert into DetallePractica values(1165975179,'R100Kw1/2',20.000);
insert into DetallePractica values(1165975179,'CC0.1µf',3.000);
insert into DetallePractica values(1165975179,'R270w1/2',5.000);
insert into DetallePractica values(1165975179,'R22Kw1/2',5.000);
insert into DetallePractica values(1165975179,'R47Kw1/2',5.000);
insert into DetallePractica values(1165975179,'NE555',1.000);
insert into DetallePractica values(1165975179,'74HC244',2.000);
insert into DetallePractica values(1165975179,'CC0.01µf',2.000);
insert into DetallePractica values(1165975179,'CE10µf/63',1.000);
insert into DetallePractica values(1165975179,'LM7805',1.000);
insert into DetallePractica values(1165975179,'1N4001',1.000);
insert into DetallePractica values(1165975179,'CE1µf',1.000);
insert into DetallePractica values(1165975179,'BAS20P',2.000);
insert into DetallePractica values(1165975179,'DIP8INT',2.000);
insert into DetallePractica values(1165975179,'BAS8P',1.000);
insert into DetallePractica values(1165975179,'JACKMACHO',1.000);
insert into DetallePractica values(1165975179,'BAS24P',2.000);
insert into practicas values(1165975183,1165975174,'2');
insert into DetallePractica values(1165975183,'BAS14P',1.000);
insert into DetallePractica values(1165975183,'BAS16P',1.000);
insert into DetallePractica values(1165975183,'BAS20P',1.000);
insert into DetallePractica values(1165975183,'BAS24P',2.000);
insert into DetallePractica values(1165975183,'BAS28P',2.000);
insert into DetallePractica values(1165975183,'BAS40P',2.000);
insert into DetallePractica values(1165975183,'PUSH4P',1.000);
insert into DetallePractica values(1165975183,'CC33pf',2.000);
insert into DetallePractica values(1165975183,'CC150pf',1.000);
insert into DetallePractica values(1165975183,'CE47µf/25',3.000);
insert into DetallePractica values(1165975183,'CC0.1µf',6.000);
insert into DetallePractica values(1165975183,'CONDIP24P',2.000);
insert into DetallePractica values(1165975183,'LEDR',1.000);
insert into DetallePractica values(1165975183,'1N4003',2.000);
insert into DetallePractica values(1165975183,'1N4148',4.000);
insert into DetallePractica values(1165975183,'DISIPADOR',1.000);
insert into DetallePractica values(1165975183,'JUMPERS',5.000);
insert into DetallePractica values(1165975183,'R10Kw1/2',5.000);
insert into DetallePractica values(1165975183,'R390w1/2',5.000);
insert into DetallePractica values(1165975183,'R1Kw1/2',5.000);
insert into DetallePractica values(1165975183,'R2.7Kw1/2',5.000);
insert into DetallePractica values(1165975183,'HEADERSEN',2.000);
insert into DetallePractica values(1165975183,'LM7805',1.000);
insert into DetallePractica values(1165975183,'CE22µf/50',4.000);
insert into DetallePractica values(1165975183,'CRIS11.059',1.000);
insert into DetallePractica values(1165975183,'80C32',1.000);
insert into DetallePractica values(1165975183,'ADC0804',1.000);
insert into DetallePractica values(1165975183,'27128',1.000);
insert into DetallePractica values(1165975183,'74HCT373',1.000);
insert into DetallePractica values(1165975183,'74HCT00',1.000);
insert into DetallePractica values(1165975183,'74HCT138',1.000);
insert into DetallePractica values(1165975183,'CON DB-9 CI',2.000);
insert into DetallePractica values(1165975183,'CPLANO24V',0.500);
insert into DetallePractica values(1165975183,'CPLANO14',1.000);
insert into DetallePractica values(1165975183,'6264',1.000);
insert into DetallePractica values(1165975183,'8255',1.000);
insert into DetallePractica values(1165975183,'MAX232',1.000);
insert into DetallePractica values(1165975183,'CONDB-9CPLANO',2.000);
insert into DetallePractica values(1165975183,'JACKMACHO',1.000);
insert into practicas values(1165975187,1165975174,'3');
insert into DetallePractica values(1165975187,'MAX232',2.000);
insert into DetallePractica values(1165975187,'BAS16P',2.000);
insert into DetallePractica values(1165975187,'BAS20P',4.000);
insert into DetallePractica values(1165975187,'LM7805',1.000);
insert into DetallePractica values(1165975187,'LM317T',1.000);
insert into DetallePractica values(1165975187,'74LS373',1.000);
insert into DetallePractica values(1165975187,'R10Kw1/2',15.000);
insert into DetallePractica values(1165975187,'CE1000µf/25',2.000);
insert into DetallePractica values(1165975187,'PUEDIO2A',2.000);
insert into DetallePractica values(1165975187,'1N4001',3.000);
insert into DetallePractica values(1165975187,'CE47µf/25',2.000);
insert into DetallePractica values(1165975187,'CC0.1µf',8.000);
insert into DetallePractica values(1165975187,'LEDR',2.000);
insert into DetallePractica values(1165975187,'LEDV',1.000);
insert into DetallePractica values(1165975187,'R390w1/2',5.000);
insert into DetallePractica values(1165975187,'BC547B',1.000);
insert into DetallePractica values(1165975187,'BC557B',1.000);
insert into DetallePractica values(1165975187,'CE22µf/50',8.000);
insert into DetallePractica values(1165975187,'CE10µf/63',2.000);
insert into DetallePractica values(1165975187,'R1Kw1/2',5.000);
insert into DetallePractica values(1165975187,'1N4148',2.000);
insert into DetallePractica values(1165975187,'CC33pf',4.000);
insert into DetallePractica values(1165975187,'CRIS11.059',2.000);
insert into DetallePractica values(1165975187,'R100w1/2',5.000);
insert into DetallePractica values(1165975187,'R8.2Kw1/2',5.000);
insert into DetallePractica values(1165975187,'PUSH4P',2.000);
insert into DetallePractica values(1165975187,'R4.7Kw1/2',5.000);
insert into DetallePractica values(1165975187,'R220w1/2',5.000);
insert into DetallePractica values(1165975187,'CE1µf/63',2.000);
insert into DetallePractica values(1165975187,'TRIM1K',1.000);
insert into DetallePractica values(1165975187,'DISIPADOR',3.000);
insert into DetallePractica values(1165975187,'JUMPERS',2.000);
insert into DetallePractica values(1165975187,'AT89C2051',2.000);
insert into DetallePractica values(1165975187,'JACKMACHO',2.000);
insert into DetallePractica values(1165975187,'CON DB-9 CI',1.000);
insert into Escuelas values(1165975189,'UPIITA');
insert into Materias values(1165975189,1165975195,'ELECTRONICAI');
insert into practicas values(1165975200,1165975195,'0');
insert into DetallePractica values(1165975200,'FOTORES2M',1.000);
insert into DetallePractica values(1165975200,'R4.7Kw1/2',5.000);
insert into DetallePractica values(1165975200,'R1Kw1/2',5.000);
insert into DetallePractica values(1165975200,'POT500K',1.000);
insert into DetallePractica values(1165975200,'LEDR',1.000);
insert into DetallePractica values(1165975200,'LEDV',1.000);
insert into DetallePractica values(1165975200,'74LS00',1.000);
insert into practicas values(1165975203,1165975195,'1');
insert into DetallePractica values(1165975203,'TRA24V1A',1.000);
insert into DetallePractica values(1165975203,'CLAVIJA',1.000);
insert into DetallePractica values(1165975203,'R1Kw1/2',5.000);
insert into DetallePractica values(1165975203,'FOCO12-14V',1.000);
insert into DetallePractica values(1165975203,'SOCKETROSCA',1.000);
insert into DetallePractica values(1165975203,'1N4002',1.000);
insert into practicas values(1165975208,1165975195,'2');
insert into DetallePractica values(1165975208,'1N4002',1.000);
insert into DetallePractica values(1165975208,'1N4148',1.000);
insert into DetallePractica values(1165975208,'LEDR',3.000);
insert into DetallePractica values(1165975208,'LEDV',2.000);
insert into DetallePractica values(1165975208,'R1Kw1/2',5.000);
insert into DetallePractica values(1165975208,'R100w1/2',5.000);
insert into practicas values(1165975211,1165975195,'3');
insert into DetallePractica values(1165975211,'1N4002',2.000);
insert into DetallePractica values(1165975211,'1N4148',2.000);
insert into DetallePractica values(1165975211,'LEDR',2.000);
insert into DetallePractica values(1165975211,'R1Kw1/2',5.000);
insert into practicas values(1165975215,1165975195,'4');
insert into DetallePractica values(1165975215,'1N4002',11.000);
insert into DetallePractica values(1165975215,'LEDR',2.000);
insert into DetallePractica values(1165975215,'R1Kw1/2',10.000);
insert into DetallePractica values(1165975215,'POT50K',2.000);
insert into DetallePractica values(1165975215,'R470w1/2',5.000);
insert into DetallePractica values(1165975215,'CE1µf',2.000);
insert into DetallePractica values(1165975215,'TRA24V1A',1.000);
insert into DetallePractica values(1165975215,'CLAVIJA',1.000);
insert into practicas values(1165975219,1165975195,'5');
insert into DetallePractica values(1165975219,'DZ3.9V',2.000);
insert into DetallePractica values(1165975219,'DZ5.1V',2.000);
insert into DetallePractica values(1165975219,'DZ9.1V',2.000);
insert into DetallePractica values(1165975219,'R1Kw1/2',5.000);
insert into practicas values(1165975222,1165975195,'6');
insert into DetallePractica values(1165975222,'DZ5.1V',2.000);
insert into DetallePractica values(1165975222,'R100w1/2',5.000);
insert into DetallePractica values(1165975222,'R220w1/2',5.000);
insert into DetallePractica values(1165975222,'R330w1/2',5.000);
insert into DetallePractica values(1165975222,'R560w1/2',5.000);
insert into DetallePractica values(1165975222,'R1Kw1/2',5.000);
insert into DetallePractica values(1165975222,'R10Kw1/2',5.000);
insert into DetallePractica values(1165975222,'R22Kw1/2',5.000);
insert into DetallePractica values(1165975222,'R56Kw1/2',5.000);
insert into DetallePractica values(1165975222,'R330w2',3.000);
insert into practicas values(1165975226,1165975195,'7');
insert into DetallePractica values(1165975226,'BC547B',3.000);
insert into DetallePractica values(1165975226,'R1Kw1/2',5.000);
insert into DetallePractica values(1165975226,'R100Kw1/2',5.000);
insert into practicas values(1165975230,1165975195,'8');
insert into DetallePractica values(1165975230,'TIP41',2.000);
insert into DetallePractica values(1165975230,'BC547B',4.000);
insert into DetallePractica values(1165975230,'LEDR',1.000);
insert into DetallePractica values(1165975230,'R330Kw1/2',5.000);
insert into DetallePractica values(1165975230,'R270Kw1/2',5.000);
insert into DetallePractica values(1165975230,'R100Kw1/2',5.000);
insert into DetallePractica values(1165975230,'R47Kw1/2',5.000);
insert into DetallePractica values(1165975230,'R4.7Kw1/2',5.000);
insert into DetallePractica values(1165975230,'R3.3Kw1/2',5.000);
insert into DetallePractica values(1165975230,'R1.8Kw1/2',5.000);
insert into DetallePractica values(1165975230,'R1Kw1/2',5.000);
insert into DetallePractica values(1165975230,'R100w1/2',5.000);
insert into practicas values(1165975233,1165975195,'9');
insert into DetallePractica values(1165975233,'TIP41',2.000);
insert into DetallePractica values(1165975233,'BC547B',1.000);
insert into DetallePractica values(1165975233,'DZ5.6V',2.000);
insert into DetallePractica values(1165975233,'R10Kw1/2',5.000);
insert into DetallePractica values(1165975233,'R4.7Kw1/2',5.000);
insert into DetallePractica values(1165975233,'R2.2Kw1/2',5.000);
insert into DetallePractica values(1165975233,'R1Kw1/2',5.000);
insert into DetallePractica values(1165975233,'R820Kw1/2',5.000);
insert into DetallePractica values(1165975233,'R560w2',2.000);
insert into DetallePractica values(1165975233,'R330w2',1.000);
insert into DetallePractica values(1165975233,'R220w2',2.000);
insert into DetallePractica values(1165975233,'R150w2',1.000);
insert into DetallePractica values(1165975233,'R100w2',3.000);
insert into DetallePractica values(1165975233,'R56w2',1.000);
insert into DetallePractica values(1165975233,'R10w2',1.000);
insert into DetallePractica values(1165975233,'POT10K',2.000);
insert into DetallePractica values(1165975233,'MOTOR12V',1.000);
insert into practicas values(1165975237,1165975195,'10');
insert into DetallePractica values(1165975237,'2N5457',2.000);
insert into DetallePractica values(1165975237,'4007',2.000);
insert into DetallePractica values(1165975237,'IRF540',2.000);
insert into DetallePractica values(1165975237,'1N4002',2.000);
insert into DetallePractica values(1165975237,'R1Mw1/2',5.000);
insert into DetallePractica values(1165975237,'R100Kw1/2',5.000);
insert into DetallePractica values(1165975237,'R10Kw1/2',5.000);
insert into DetallePractica values(1165975237,'R1Kw1/2',5.000);
insert into DetallePractica values(1165975237,'CC0.1µf',2.000);
insert into practicas values(1165975241,1165975195,'11');
insert into DetallePractica values(1165975241,'2N5457',2.000);
insert into DetallePractica values(1165975241,'4007',2.000);
insert into DetallePractica values(1165975241,'IRF540',2.000);
insert into DetallePractica values(1165975241,'1N4002',2.000);
insert into DetallePractica values(1165975241,'R2.2Mw1/2',5.000);
insert into DetallePractica values(1165975241,'R1Mw1/2',5.000);
insert into DetallePractica values(1165975241,'R100Kw1/2',5.000);
insert into DetallePractica values(1165975241,'R10Kw1/2',10.000);
insert into DetallePractica values(1165975241,'R1Kw1/2',5.000);
insert into DetallePractica values(1165975241,'R220w1/2',5.000);
insert into DetallePractica values(1165975241,'R100w1/2',5.000);
insert into DetallePractica values(1165975241,'CC0.1µf',4.000);
insert into DetallePractica values(1165975241,'CE150µf/25',1.000);
insert into practicas values(1165975245,1165975195,'12');
insert into DetallePractica values(1165975245,'C106D',2.000);
insert into DetallePractica values(1165975245,'2N6071',2.000);
insert into DetallePractica values(1165975245,'R10Kw1/2',5.000);
insert into DetallePractica values(1165975245,'R1Kw1/2',5.000);
insert into DetallePractica values(1165975245,'LEDR',1.000);
insert into practicas values(1165975249,1165975195,'13');
insert into DetallePractica values(1165975249,'C106D',2.000);
insert into DetallePractica values(1165975249,'2N6071',2.000);
insert into DetallePractica values(1165975249,'neon',1.000);
insert into DetallePractica values(1165975249,'R330w2',2.000);
insert into DetallePractica values(1165975249,'R15Kw1/2',5.000);
insert into DetallePractica values(1165975249,'R4.7Kw1/2',5.000);
insert into DetallePractica values(1165975249,'R1Kw1/2',5.000);
insert into DetallePractica values(1165975249,'R470w1/2',5.000);
insert into DetallePractica values(1165975249,'POT100K',1.000);
insert into DetallePractica values(1165975249,'POT5K',2.000);
insert into DetallePractica values(1165975249,'CP0.47µf',2.000);
insert into DetallePractica values(1165975249,'CC0.1µf',3.000);
insert into practicas values(1165975252,1165975195,'14');
insert into DetallePractica values(1165975252,'FOTODIODOBLANCO',1.000);
insert into DetallePractica values(1165975252,'FOTOTRANSISTORNE',1.000);
insert into DetallePractica values(1165975252,'FOTORES2M',1.000);
insert into DetallePractica values(1165975252,'FOCO12-14V',2.000);
insert into DetallePractica values(1165975252,'MOC3030',1.000);
insert into DetallePractica values(1165975252,'2N6344',1.000);
insert into DetallePractica values(1165975252,'R1Kw1/2',5.000);
insert into DetallePractica values(1165975252,'R4.7w1/2',5.000);
insert into DetallePractica values(1165975252,'R47w1/2',5.000);
insert into DetallePractica values(1165975252,'R100w1/2',5.000);
insert into DetallePractica values(1165975252,'R470w1/2',5.000);
insert into DetallePractica values(1165975252,'R1Kw2',1.000);
insert into DetallePractica values(1165975252,'CE1µf',1.000);
insert into Materias values(1165975189,1165975255,'ELECTRONICAII');
insert into practicas values(1165975260,1165975255,'1');
insert into DetallePractica values(1165975260,'2N2222A',4.000);
insert into DetallePractica values(1165975260,'BC557B',1.000);
insert into practicas values(1165975264,1165975255,'2');
insert into DetallePractica values(1165975264,'TRA24V1A',1.000);
insert into DetallePractica values(1165975264,'CLAVIJA',1.000);
insert into DetallePractica values(1165975264,'1N4004',4.000);
insert into DetallePractica values(1165975264,'LM7812',1.000);
insert into DetallePractica values(1165975264,'LM7912',1.000);
insert into DetallePractica values(1165975264,'CE470µf/25',4.000);
insert into DetallePractica values(1165975264,'CC0.1µf',2.000);
insert into DetallePractica values(1165975264,'R100w5',3.000);
insert into practicas values(1165975268,1165975255,'3');
insert into DetallePractica values(1165975268,'BC557B',1.000);
insert into DetallePractica values(1165975268,'2N2222A',4.000);
insert into practicas values(1165975271,1165975255,'4');
insert into DetallePractica values(1165975271,'2N2222A',1.000);
insert into practicas values(1165975275,1165975255,'5');
insert into DetallePractica values(1165975275,'2N2222A',1.000);
insert into DetallePractica values(1165975275,'2N5457',1.000);
insert into practicas values(1165975279,1165975255,'6');
insert into DetallePractica values(1165975279,'2N2222A',3.000);
insert into practicas values(1165975282,1165975255,'8');
insert into DetallePractica values(1165975282,'LM741',2.000);
insert into DetallePractica values(1165975282,'R1Kw1/2',5.000);
insert into DetallePractica values(1165975282,'R10Kw1/2',5.000);
insert into DetallePractica values(1165975282,'R100Kw1/2',5.000);
insert into DetallePractica values(1165975282,'R330w1/2',5.000);
insert into DetallePractica values(1165975282,'R680w1/2',5.000);
insert into DetallePractica values(1165975282,'R27w1/2',5.000);
insert into DetallePractica values(1165975282,'PRE10K',1.000);
insert into DetallePractica values(1165975282,'CC0.1µf',1.000);
insert into DetallePractica values(1165975282,'CC0.01µf',1.000);
insert into DetallePractica values(1165975282,'CC0.001µf',1.000);
insert into DetallePractica values(1165975282,'1N4148',2.000);
insert into Materias values(1165975189,1165975286,'SENSORES');
insert into practicas values(1165975291,1165975286,'5');
insert into DetallePractica values(1165975291,'LM386',1.000);
insert into DetallePractica values(1165975291,'MICROELEC',1.000);
insert into DetallePractica values(1165975291,'C106D',1.000);
insert into DetallePractica values(1165975291,'R1Kw1/2',5.000);
insert into DetallePractica values(1165975291,'R2.2Kw1/2',5.000);
insert into DetallePractica values(1165975291,'R3.3Kw1/2',5.000);
insert into DetallePractica values(1165975291,'POT10K',1.000);
insert into DetallePractica values(1165975291,'CE1µf',1.000);
insert into DetallePractica values(1165975291,'CE10µf/63',1.000);
insert into DetallePractica values(1165975291,'CE33µf/63',1.000);
insert into DetallePractica values(1165975291,'CE220µf/50',1.000);
insert into DetallePractica values(1165975291,'CC0.047µf',1.000);
insert into DetallePractica values(1165975291,'BOCINA',1.000);
insert into DetallePractica values(1165975291,'1N4148',1.000);
insert into DetallePractica values(1165975291,'PUSHNEGRO',1.000);
insert into practicas values(1165975294,1165975286,'6');
insert into DetallePractica values(1165975294,'TL084',4.000);
insert into DetallePractica values(1165975294,'TRIM1K',1.000);
insert into DetallePractica values(1165975294,'R220w1/2',5.000);
insert into DetallePractica values(1165975294,'POT1M',1.000);
insert into DetallePractica values(1165975294,'POT10K',2.000);
insert into DetallePractica values(1165975294,'LEDV',1.000);
insert into DetallePractica values(1165975294,'LEDR',1.000);
insert into practicas values(1165975298,1165975286,'7');
insert into DetallePractica values(1165975298,'FOTOTRANSISTORNE',2.000);
insert into DetallePractica values(1165975298,'NE555',2.000);
insert into DetallePractica values(1165975298,'TL081',1.000);
insert into DetallePractica values(1165975298,'R330w1/2',5.000);
insert into DetallePractica values(1165975298,'R100w1/2',5.000);
insert into DetallePractica values(1165975298,'R10Kw1/2',5.000);
insert into DetallePractica values(1165975298,'R39Kw1/2',5.000);
insert into DetallePractica values(1165975298,'LEDR',3.000);
insert into DetallePractica values(1165975298,'2N2222A',2.000);
insert into DetallePractica values(1165975298,'TIP120',2.000);
insert into DetallePractica values(1165975298,'R1w1/2',5.000);
insert into DetallePractica values(1165975298,'R5.6w1/2',5.000);
insert into DetallePractica values(1165975298,'CE4.7µf/63',5.000);
insert into Materias values(1165975189,1165975301,'SENSORES00');
insert into practicas values(1165975306,1165975301,'1');
insert into DetallePractica values(1165975306,'FOTORES2M',1.000);
insert into DetallePractica values(1165975306,'FOTODIODOBLANCO',1.000);
insert into DetallePractica values(1165975306,'LM741',1.000);
insert into DetallePractica values(1165975306,'R10Kw1/2',5.000);
insert into DetallePractica values(1165975306,'R1Kw1/2',5.000);
insert into DetallePractica values(1165975306,'LEDR',1.000);
insert into DetallePractica values(1165975306,'CELDASOLAR',1.000);
insert into practicas values(1165975310,1165975301,'2');
insert into DetallePractica values(1165975310,'R1Kw1/2',5.000);
insert into DetallePractica values(1165975310,'R10Kw1/2',5.000);
insert into DetallePractica values(1165975310,'POT5K',2.000);
insert into DetallePractica values(1165975310,'LM741',1.000);
insert into DetallePractica values(1165975310,'LM35',1.000);
insert into DetallePractica values(1165975310,'1N4148',1.000);
insert into DetallePractica values(1165975310,'BC548B',1.000);
insert into DetallePractica values(1165975310,'REEL5V',1.000);
insert into DetallePractica values(1165975310,'FOCO6.3V',1.000);
insert into DetallePractica values(1165975310,'SOCKETROSCA',1.000);
insert into DetallePractica values(1165975310,'LEDR',1.000);
insert into practicas values(1165975313,1165975301,'3');
insert into DetallePractica values(1165975313,'LF351',1.000);
insert into DetallePractica values(1165975313,'ICL7107',1.000);
insert into DetallePractica values(1165975313,'R150w1/2',5.000);
insert into DetallePractica values(1165975313,'R100w1/2',5.000);
insert into DetallePractica values(1165975313,'R1Kw1/2',5.000);
insert into DetallePractica values(1165975313,'R10Kw1/2',5.000);
insert into DetallePractica values(1165975313,'R22Kw1/2',5.000);
insert into DetallePractica values(1165975313,'R470Kw1/2',5.000);
insert into DetallePractica values(1165975313,'R1Mw1/2',5.000);
insert into DetallePractica values(1165975313,'R100Kw1/2',5.000);
insert into DetallePractica values(1165975313,'POT50K',1.000);
insert into DetallePractica values(1165975313,'POT10K',1.000);
insert into DetallePractica values(1165975313,'CC100pf',1.000);
insert into DetallePractica values(1165975313,'CC0.047µf',1.000);
insert into DetallePractica values(1165975313,'CC0.22µf',1.000);
insert into DetallePractica values(1165975313,'CC0.1µf',2.000);
insert into DetallePractica values(1165975313,'DISACS',4.000);
insert into DetallePractica values(1165975313,'BAS40P',1.000);
insert into Materias values(1165975189,1165975316,'SENSORES02');
insert into practicas values(1165975321,1165975316,'1');
insert into DetallePractica values(1165975321,'FOTORES2M',1.000);
insert into DetallePractica values(1165975321,'FOTODIODOBLANCO',1.000);
insert into DetallePractica values(1165975321,'CELDASOLAR',1.000);
insert into DetallePractica values(1165975321,'LM741',1.000);
insert into DetallePractica values(1165975321,'R100Kw1/2',5.000);
insert into DetallePractica values(1165975321,'R10Kw1/2',5.000);
insert into DetallePractica values(1165975321,'LEDR',1.000);
insert into practicas values(1165975325,1165975316,'2');
insert into practicas values(1165975326,1165975316,'3');
insert into practicas values(1165975327,1165975316,'4');
insert into practicas values(1165975327,1165975316,'5');
insert into practicas values(1165975328,1165975316,'6');
insert into practicas values(1165975328,1165975316,'7');
