CREATE TABLE firmas (
   idusuario integer,
    firma character varying(30) NOT NULL,
    "password" character varying(30) NOT NULL
);

COPY firmas (idusuario, firma, "password") FROM stdin;
1154973703	gantolin	gantolin
1154976912	rrodriguez	rrodriguez
1154978669		
1154979023		
1154979183		
1154978951		
1154978699		
1154979222		
1154978997		
1154979626		
1154979371		
1154979202		
1154980070		
1155327889	gperez	gperez
1155332138	wantolin	wantolin
1155332931	arobles	arobles
1155333323	rantolin	rantolin
1155333777	pantolin	pantolin
1155405438		
1155921548		
1155921069		
1155921522		
1158329671		
1158934211		
1159287335		
1159287489		
1159287700		
1159287284		
1159811533		
1159891432		
1160533751		
1160684791		
1161699697		
\.



COPY aplicaciones (idaplicacion, nmbaplicacion, dscaplicacion, dirarchivosqt) FROM stdin;
1154973040	ElFresno	Sistema integral de Administracion	/hgarduno/.ProyectosSISCOM/ElFresno/Cliente/UI/
\.


COPY usuarios (idusuario, idaplicacion, idperfil, nmbusuario, apaterno, amaterno) FROM stdin;
1154973703	1154973040	1154973147	Gloria	Antolin	Fiesco
1154976912	1154973040	1154976505	Rolando	Rodriguez	Rodriguez
1154978669	1154973040	1154976505	Eduardo 	Marin	Marin
1154979023	1154973040	1154976505	Rolando	García	García
1154979183	1154973040	1154976505	Pedro	López	López
1154978951	1154973040	1154976505	Gabino	Juárez	Juárez
1154978699	1154973040	1154976505	Brigadier	Luna	Luna
1154979222	1154973040	1154976505	Raúl	Alvarez	Alvarez
1154978997	1154973040	1154976505	José Luis	Maldonado	Maldonado
1154979626	1154973040	1154976505	Jesús	Blas	Blas
1154979371	1154973040	1154976505	Sergio	Valdez	Valdez
1154979202	1154973040	1154976505	Pedro Jiovanni	Antolín	Antolín
1154980070	1154973040	1154976505	Willebaldo Rafael	Antolín	Antolín
1155327889	1154973040	1155327540	Guadalupe	Perez	Perez
1155332138	1154973040	1155332296	Willebaldo	Antolin	Antolin
1155332931	1154973040	1155332600	Adela	Robles	Robles
1155333323	1154973040	1155332600	Rafael	Antolin	Antolin
1155333777	1154973040	1155332600	Pedro	Antolin	Antolin
1155405438	1154973040	1154976505	Carlos	Zuñiga	Zuñiga
1155921548	1154973040	1154976505	ALEJANDRO	VELAZQUEZ	VELAZQUEZ
1155921069	1154973040	1154976505	SERGIO	VALDEZ	VALDEZ
1155921522	1154973040	1154976505	MARIO	RIVERO	RIVERO
1158329671	1154973040	1155332600	ADELA	ROBLES	ROBLES
1158934211	1154973040	1154976505	ADELA 	ROBLES 	ROBLES 
1159287335	1154973040	1154976505	DARIO	CRUZ	CRUZ
1159287489	1154973040	1154976505	JOSE FRANCISCIO	ESMERADO	ESMERADO
1159287700	1154973040	1154976505	RAFAEL 	MARIN 	MARIN 
1159287284	1154973040	1154976505	EDUARDO	MARIN 	MARIN 
1159811533	1154973040	1154976505	ROLANDO	RODRIGUEZ	RODRIGUEZ
1159891432	1154973040	1154976505	JOSE RAFAEL	VARGAS	VARGAS
1160533751	1154973040	1154976505	RICARDO	HERNANDEZ	HERNANDEZ
1160684791	1154973040	1154976505	MIGUEL ANGEL	CRUZ	CRUZ
1161699697	1154973040	1154976505	PEDRO	LOPEZ	LOPEZ
\.


COPY perfiles (idperfil, idaplicacion, nmbperfil, dscperfil) FROM stdin;
1154973147	1154973040	Programador	Actualiza La Aplicacion
1154976505	1154973040	Choferes	Operadores de las unidades de transporte
1155327540	1154973040	VentasExpendios	Vendedores de expendios
1155332600	1154973040	Supervisor	Controla la opercion  del fresno
1155332296	1154973040	Administrador	Administra la empresa
\.
