--
-- PostgreSQL database dump
--

-- Dumped from database version 12.1
-- Dumped by pg_dump version 12.1

SET statement_timeout = 0;
SET lock_timeout = 0;
SET idle_in_transaction_session_timeout = 0;
SET client_encoding = 'SQL_ASCII';
SET standard_conforming_strings = on;
SELECT pg_catalog.set_config('search_path', '', false);
SET check_function_bodies = false;
SET xmloption = content;
SET client_min_messages = warning;
SET row_security = off;

SET default_tablespace = '';

SET default_table_access_method = heap;

--
-- Name: cajamaterial; Type: TABLE; Schema: public; Owner: hgarduno
--

CREATE TABLE public.cajamaterial (
    idcaja integer,
    caja character varying(25) NOT NULL,
    descripcion text
);


ALTER TABLE public.cajamaterial OWNER TO hgarduno;

--
-- Name: estante; Type: TABLE; Schema: public; Owner: hgarduno
--

CREATE TABLE public.estante (
    idestante integer,
    estante character varying(25) NOT NULL,
    descripcion text
);


ALTER TABLE public.estante OWNER TO hgarduno;

--
-- Name: ubicacionproducto; Type: TABLE; Schema: public; Owner: hgarduno
--

CREATE TABLE public.ubicacionproducto (
    cveproducto character varying(25) NOT NULL,
    idestante integer,
    idcaja integer
);


ALTER TABLE public.ubicacionproducto OWNER TO hgarduno;

--
-- Data for Name: cajamaterial; Type: TABLE DATA; Schema: public; Owner: hgarduno
--

COPY public.cajamaterial (idcaja, caja, descripcion) FROM stdin;
1622265235	49-HELI	Esta es una caja de prueba
101	1	1
102	1-A	1-A
103	10-A	10-A
104	10A	10A
105	14	14
106	1A	1A
107	2	2
108	28	28
109	3	3
110	33	33
111	4	4
112	40	40
113	41	41
114	41-A	41-A
115	41-B	41-B
116	41-C	41-C
117	41-D	41-D
118	41-E	41-E
119	44	44
120	5	5
121	50	50
122	6	6
123	7	7
124	8	8
125	9	9
\.


--
-- Data for Name: estante; Type: TABLE DATA; Schema: public; Owner: hgarduno
--

COPY public.estante (idestante, estante, descripcion) FROM stdin;
0	1-A	1-A
1	1-B	1-B
2	1-C	1-C
3	1-D	1-D
4	1B	1B
5	1C	1C
6	1D	1D
7	2-A	2-A
8	2-B	2-B
9	2-C	2-C
10	2-D	2-D
11	2A	2A
12	2B	2B
13	2B .	2B .
14	2C	2C
15	2D	2D
16	3	3
17	4	4
18	5	5
19	6	6
20	7	7
\.


--
-- Data for Name: ubicacionproducto; Type: TABLE DATA; Schema: public; Owner: hgarduno
--

COPY public.ubicacionproducto (cveproducto, idestante, idcaja) FROM stdin;
2N2222A	14	\N
2N3904	11	\N
2N4401	11	\N
2N6071	11	\N
2N6073	11	\N
2N6075	11	\N
2N6344	11	\N
2N7000	11	\N
2RCA-3.5MM	4	\N
2SB415	11	\N
3RCA-3.5MM	4	\N
ALAMBRE2	20	\N
APAGADOR	5	\N
ARDUINO-LEONARD	17	\N
BANANANEGRA	6	\N
BANANAROJA	6	\N
BANANATN	6	\N
BANANATR	6	\N
BARRALEDS-R10	6	\N
BARRALEDS-V10	6	\N
BAS14P	15	\N
BAS16P	6	\N
BAS18P	15	\N
BAS20P	15	\N
BAS28DEL	15	\N
BAS8P	15	\N
BASEZIF40	12	\N
BC547A	11	\N
BC547B	11	\N
BC547C	11	\N
BC557A	11	\N
BC557B	11	\N
BC557C	11	\N
BC558B	11	\N
BORNECHI-NEGRO	6	\N
BORNECHI-ROJO	6	\N
BORNEMED-NEGRO	6	\N
BORNEMED-ROJO	6	\N
BUZZER	8	\N
CAIMANEGRO	3	\N
CAIMANGDENE	6	\N
CAIMANGDERO	3	\N
CAIMAROJO	3	\N
CAJAREDUCTORA	19	\N
CAUTIN-AM	1	\N
CC0.0022µf	7	\N
CC0.01µf	7	\N
CC0.022µf	7	\N
CC0.033µf	7	\N
CC0.047µf	7	\N
CC0.056µf	7	\N
CC0.1µf	7	\N
CC0.22µf	7	\N
CC100pf	7	\N
CC10pf	7	\N
CC12pf	7	\N
CC150pf	7	\N
CC15pf	7	\N
CC220pf	7	\N
CC22pf	7	\N
CC270pf	7	\N
CC3.9pf	7	\N
CC330pf	7	\N
CC33pf	7	\N
CC390pf	7	\N
CC39pf	7	\N
CC470pf	7	\N
CC560pf	7	\N
CC56pf	7	\N
CC6.8pf	7	\N
CC680pf	7	\N
CC820pf	7	\N
CE0.47µf/50V	0	\N
CE1000µf/25V	0	\N
CE1000µf/50V	0	\N
CE100µf/25V	0	\N
CE100µf/50V	0	\N
CE10µf/25V	0	\N
CE10µf/50V	0	\N
CE1500µf/25V	0	\N
CE1800µf/25V	0	\N
CE1µf/50V	0	\N
CE1µf/63V	0	\N
CE2200µf/25V	0	\N
CE2200µf/35V	0	\N
CE2200µf/50V	0	\N
CE2200µf/63V	0	\N
CE220µf/25V	0	\N
CE220µf/50V	0	\N
CE22µf/250V	0	\N
CE3300µf/25V	0	\N
CE3300µf/50V	0	\N
CE3300µf/63V	0	\N
CE330µf/25V	0	\N
CE330µf/50V	0	\N
CE33µf/25V	0	\N
CE33µf/50V	0	\N
CE4.7µf/50V	0	\N
CE4700µf/25V	0	\N
CE4700µf/50V	0	\N
CE470µf/50V	0	\N
CE47µf/250V	0	\N
CE680µf/25V	0	\N
CE680µf/50V	0	\N
CHASISNEGROGDE	17	\N
CHASISNEGROMED	17	\N
CINTADEAISLAR-N	0	\N
CLAVIJA	16	\N
CLAVIJATIERRA	19	\N
CONBNC-RG58	6	\N
CONDB-9H	6	\N
CONDB-9M	6	\N
CONTACTO	5	\N
CONTACTOPOL	13	\N
COPLE-RJ11	6	\N
CP0.0068µf/100V	11	\N
CP0.022µf/100V	11	\N
CP0.027µf/100V	11	\N
CP0.082µf/100V	11	\N
CP0.1µf/100V	11	\N
CP0.47µf/100V	11	\N
CP0.68µf/200V	11	\N
CP1µf/250V	11	\N
CP1µf/275V	11	\N
CRIS20MHZ	10	\N
CRIS4MHZ	10	\N
CUBIERTARJ-45	10	\N
DHT22	17	\N
DIP8INTCI	0	\N
DISAC2	3	\N
DISAC3	3	\N
DISAC4V	3	\N
DISACAZUL	3	\N
DISACS	3	\N
DISCC16SEG	3	\N
DISCC2	3	\N
DISCCS	3	\N
DISCCSV	3	\N
ELIMINADOR12V	20	\N
ESPONJA	1	\N
FA.500Amp	12	\N
FA10Amp	12	\N
FA15Amp	12	\N
FA1Amp	12	\N
FA2Amp	12	\N
FA3Amp	12	\N
FA4Amp	12	\N
FA5Amp	12	\N
FA6Amp	12	\N
FAUTOMOTRIZ-15A	12	\N
FE.200Amp	12	\N
FE.500Amp	12	\N
FE10Amp	12	\N
FE15Amp	12	\N
FE1Amp	12	\N
FE2Amp	12	\N
FE3Amp	12	\N
FE4Amp	12	\N
FE5Amp	12	\N
FOCO12V-B	12	\N
FOCO6.3V-B	8	\N
FOTORES2M	10	\N
INTBALANCINCHI	12	\N
INTBALANCINMINI	15	\N
INTBALANCINMINIRO	15	\N
INTCHI	15	\N
INTCOLADERATA2P	15	\N
INTCOLADERATA2P2T-2P	15	\N
INTCOLADERATA2P2T-3P	15	\N
INTCOLADERATA3P	15	\N
INTFOCONEON	15	\N
INTFOCONEONCHI	15	\N
INTPALANCA	15	\N
INTPALANCAGDE	15	\N
INTPROTO	15	\N
JACKCANNON	2	\N
JACKINVERTIDO2MM	2	\N
JUMPERDUPONTH-M10CM	17	\N
KITBRAZO	19	\N
KITRASBERRYPI3	18	\N
KITSOLDADURA	19	\N
KULKA	3	\N
LCD16X2C/LUZ	17	\N
LEDA	1	\N
LEDAZUL	1	\N
LEDN	1	\N
LEDPOTENCIA1W-BLA	1	\N
LEDR	1	\N
LEDRGB4PANODO	1	\N
LEDRGB4PCATODO	1	\N
LEDULTRABLA	3	\N
LEDULTRAROJO	1	\N
LEDULTRAROSA	3	\N
LLAVE2P6T	3	\N
LM741	7	\N
MBIPOLAR-01	19	\N
MBIPOLAR-02	19	\N
MINIP100K	8	\N
MINIP10K	8	\N
MINIP50K	8	\N
MINIP5K	8	\N
MINIPROTO	19	\N
MINISERVO	17	\N
MOLEX3M-P150	12	\N
MOLEX4H-P150	12	\N
MOLEX4M-P150	12	\N
MOTOR-ENCODER	19	\N
MOTOR12VAMA	19	\N
MOTOR5V	19	\N
MOTOR9V	19	\N
MOTOREDUCTORI 	17	\N
MOTOREDUCTORMET	19	\N
MOTOREDUCTORMET-01	19	\N
MOTORGDE12V	19	\N
MOTORJOHNSON	19	\N
MOTORNEMA	19	\N
MOTORNEMA/TORNILLO	19	\N
MOTORNEMA23	19	\N
MOTORVIBRADORCEL	19	\N
MPS2222A	14	\N
NE555	7	\N
NENCAPSULADO12V-R	8	\N
NENCAPSULADO12V-V	8	\N
OPTOIN	15	\N
PASTA	5	\N
PCAUTINAM	5	\N
PCAUTINAZ	8	\N
PERILLAECONOMICA	11	\N
PILA9VVOLTECH	19	\N
PLACA10X10	0	\N
PLACA10X15	0	\N
PLACA15X15FV	0	\N
PLACA20X20DC	0	\N
PLACA5X10	0	\N
PLACA5X5	0	\N
PLACAPER5X10	0	\N
PLACAPER5X5	0	\N
PLACAPERFTPRO-400	0	\N
PLUG3.5MM-ESTEREO	2	\N
PLUG3.5MM-VIDEO	2	\N
PLUGCANNON	2	\N
PLUGINVERTIDO1.3MM	2	\N
PLUGINVERTIDO2.1MM	2	\N
PORTAFUAUTOMOTRIZ-TA	1	\N
PORTAFUPRESION-TA	1	\N
PORTAFUPRESION-TE	1	\N
PORTAFUROSCA-TA	1	\N
PORTAFUROSCA-TE	1	\N
PORTAPILA1	2	\N
PORTAPILA2	2	\N
PORTAPILA3-M	2	\N
PORTAPILA4	2	\N
PORTAPILA4-M	2	\N
PORTAPILAPLANA	2	\N
POT100K	2	\N
POT10K	2	\N
POT1K	2	\N
POT1M	2	\N
POT20K	2	\N
POT250K	2	\N
POT2K	2	\N
POT500K	2	\N
POT50K	2	\N
POT5K	2	\N
PROTO-005	19	\N
PROTO-016	19	\N
PROTO-102	19	\N
PROTO-103	19	\N
PUEDIO2A	8	\N
PULSERA	16	\N
PUNTAMULTI03	1	\N
PUNTB/BAPLLABLE1M	1	\N
PUSH2P	10	\N
PUSH2P-MS	10	\N
PUSH4P	10	\N
PUSH4P-MS	10	\N
PUSHCUADRADO	10	\N
PUSHCUADRADO-OFF/ON	10	\N
PUSHNEGRO	10	\N
PUSHROJO	10	\N
QRD1114	8	\N
R0.47w10	8	\N
R1.2Kw1/2	9	\N
R1.2Kw2	7	\N
R1.2Mw1/2	9	\N
R1.2w1/2	9	\N
R1.5Kw1/2	9	\N
R1.5Mw1/2	9	\N
R1.5w1/2	9	\N
R1.8Kw1	20	\N
R1.8Kw1/2	9	\N
R1.8Mw1/2	9	\N
R1.8w1	20	\N
R1.8w1/2	9	\N
R100Kw1	20	\N
R100Kw1/2	9	\N
R100Kw2	7	\N
R100w1	20	\N
R100w1/2	9	\N
R100w2	7	\N
R100w25	7	\N
R10Kw1/2	9	\N
R10Kw2	7	\N
R10Mw1/2	9	\N
R10w1	20	\N
R10w1/2	9	\N
R10w10	7	\N
R10w25	7	\N
R10w5	7	\N
R120Kw1/2	9	\N
R120w1	20	\N
R120w1/2	9	\N
R12Kw1/2	9	\N
R12w1/2	9	\N
R150Kw1/2	9	\N
R150w1	20	\N
R150w1/2	9	\N
R15Kw1	20	\N
R15Kw1/2	9	\N
R15w1/2	9	\N
R180Kw1/2	9	\N
R180w1	20	\N
R180w1/2	9	\N
R18Kw1/2	9	\N
R18w1/2	9	\N
R18w10	7	\N
R1Kw1	20	\N
R1Kw1/2	9	\N
R1Kw10	7	\N
R1Kw2	7	\N
R1Mw1/2	9	\N
R1w1	20	\N
R1w1/2	9	\N
R1w10	7	\N
R2.2Kw1	20	\N
R2.2Kw1/2	9	\N
R2.2Kw2	7	\N
R2.2Mw1/2	9	\N
R2.2w1	20	\N
R2.2w1/2	9	\N
R2.7Kw1/2	9	\N
R2.7Mw1/2	9	\N
R2.7w1/2	9	\N
R220Kw1/2	9	\N
R220w1	20	\N
R220w1/2	9	\N
R220w10	7	\N
R220w2	7	\N
R220w25	7	\N
R22Kw1	20	\N
R22Kw1/2	9	\N
R22w1	20	\N
R22w1/2	9	\N
R22w10	7	\N
R270Kw1/2	9	\N
R270w1	20	\N
R270w1/2	9	\N
R270w25	7	\N
R27Kw1/2	9	\N
R27w1	20	\N
R27w1/2	9	\N
R3.3Kw1	20	\N
R3.3Kw1/2	9	\N
R3.3Mw1/2	9	\N
R3.3w1/2	9	\N
R3.3w2	7	\N
R3.9Kw1/2	9	\N
R3.9Mw1/2	9	\N
R3.9w1/2	9	\N
R330Kw1/2	9	\N
R330w1	20	\N
R330w1/2	9	\N
R330w10	7	\N
R330w2	7	\N
R33Kw1/2	9	\N
R33w1	20	\N
R33w1/2	9	\N
R390Kw1/2	9	\N
R390w1/2	9	\N
R39Kw1/2	9	\N
R39w1	20	\N
R39w1/2	9	\N
R4.7Kw1/2	9	\N
R4.7Kw2	7	\N
R4.7Mw1/2	9	\N
R4.7w1/2	9	\N
R470Kw1/2	9	\N
R470w1	20	\N
R470w1/2	9	\N
R470w2	7	\N
R47Kw1/2	9	\N
R47w1	20	\N
R47w1/2	9	\N
R47w25	7	\N
R5.6Kw1/2	9	\N
R5.6Mw1/2	9	\N
R5.6w1	20	\N
R5.6w1/2	9	\N
R560Kw1/2	9	\N
R560w1/2	9	\N
R560w2	7	\N
R56Kw1/2	9	\N
R56w1/2	9	\N
R56w10	7	\N
R6.8Kw1/2	9	\N
R6.8Mw1/2	9	\N
R6.8w1/2	9	\N
R680Kw1/2	9	\N
R680w1/2	9	\N
R68Kw1/2	9	\N
R68w1	20	\N
R68w1/2	9	\N
R68w10	7	\N
R8.2Kw1/2	9	\N
R8.2Mw1/2	9	\N
R8.2w1/2	9	\N
R820Kw1/2	9	\N
R820W2	7	\N
R820w1	20	\N
R820w1/2	9	\N
R82Kw1/2	9	\N
R82w1	20	\N
R82w1/2	9	\N
R82w2	7	\N
REEL12V	3	\N
REEL5V	3	\N
REEL6V	3	\N
SINTRA3MM10X15	20	\N
TCA785	7	\N
TCRT5000	9	\N
TERMISTOR10K	8	\N
TRIM10K	7	\N
TRIM1K	7	\N
TRIM1M	7	\N
TRIM20K	7	\N
TRIM2K	7	\N
TRIM50	7	\N
TRIM500	7	\N
TRIM500K	7	\N
TRIM50K	7	\N
TRIM5K	7	\N
TRIM5M	7	\N
TSOLDADURA	2	\N
USBHEMBRA-A	8	\N
VENTILADOR5V	20	\N
74LS04	12	101
74LS08	12	101
74LS32	12	101
74LS86	12	101
74LS00	12	101
74LS02	12	101
74LS193	12	102
74LS20	12	102
74LS21	12	102
74LS244	12	102
74LS27	12	102
74LS273	12	102
74LS279	12	102
74LS283	12	102
74LS10	12	102
74LS373	12	102
74LS374	12	102
74LS393	12	102
74LS42	12	102
74LS47	12	102
74LS48	12	102
74LS573	12	102
74LS73	12	102
74LS74	12	102
74LS76	12	102
74LS83	12	102
74LS11	12	102
74LS90	12	102
74LS112	12	102
74LS123	12	102
74LS136	12	102
74LS138	12	102
74LS139	12	102
74LS150	12	102
74LS151	12	102
74LS153	12	102
74LS154	12	102
74LS155	12	102
74LS156	12	102
74LS157	12	102
74LS164	12	102
74LS181	12	102
74LS190	12	102
74LS192	12	102
EXSOLDADURACHI	1	103
BASECAUTIN	4	104
ELECTROIMAN-CHI	2	105
74LS266	12	106
4075	12	107
4077	12	107
4081	12	107
4082	12	107
4093	12	107
4585	12	107
74HC139	12	107
74HC14	12	107
74HC153	12	107
74HC244	12	107
74HC245	12	107
74HC573	12	107
4007	12	107
4016	12	107
4017	12	107
40193	12	107
4040	12	107
4046	12	107
4049	12	107
4052	12	107
4066	12	107
4069	12	107
4070	12	107
4071	12	107
4072	12	107
4073	12	107
ELIMINADOR9V-0.8A	19	108
ATMEGA16	11	109
IRF510	7	109
PIC16F628	11	109
PIC16F648A	7	109
PIC16F84	7	109
PIC16F876	7	109
PIC16F877A	7	109
PIC16F886	7	109
PIC16F887	7	109
PIC18F2550	7	109
PIC18F4550	7	109
IRF530	7	109
IRF540	7	109
IRF730	7	109
IRF830	7	109
IRF9530	7	109
IRF9540	7	109
IRFZ24	7	109
ATMEGA328	11	109
MLEDSCC8X8	3	110
MLEDSAC8X8	3	110
28C16	12	111
28C64	12	111
AD620	12	111
ICL7107	8	111
DAC0800	8	111
DAC0808	8	111
ADC0831	12	111
6116	12	111
2N3906	12	111
HEADERDOBL	2	112
HEADERESCUADRA	2	112
HEADERHEMBRA	2	112
HEADERARDUINO-10P	2	112
HEADERARDUINO-4P	2	112
HEADERARDUINO-6P	2	112
MODULO-MAX232/TTL	17	113
MODULO-RGP	17	113
ANTIESTATICA9X13	17	113
ANTIESTATICA13X19	17	113
BLUETOOTH-HC05	17	113
BLUETOOTH-HC06	17	113
FUENTEPROTO	17	113
SENSOR-PIR	17	113
CELDADECARGA20K	17	113
ANTIESTATICA6X9	17	113
ARDUINO-NANO	17	113
ANTIESTATICA8X12	17	113
MODULO-ENCODER	17	113
VOLTIMETRODIGITAL	17	113
JGODERUEDASGDES	18	114
ARDUINO-MEGA	18	114
JUMPERDUPONTH-M20CM	18	114
JUMPERDUPONTM-M10CM	18	114
JUMPERDUPONTM-M20CM	18	114
GRABADOR-AVR	18	114
SENSOR-DEALCOHOL	17	115
SENSOR-DEPULSO	17	115
SENSOR-HUMEDADYTEMP	17	115
SENSOR-INDUCTIVO	17	115
SENSOR-INFRARROJO	17	115
MODULO-MLED8X8	17	115
MOTORDRON	17	115
MODULO-MQ7	17	115
MODULO-PUENTEH	17	115
MODULO-REELE4C	17	115
MODULO-RELOJ	17	115
MODULO-RF433MHZ	17	115
MODULO-RFIDRC522	17	115
MODULO-DC/DC	17	115
MODULO-TERMOPARK	17	115
MODULO-USB/TTL	17	115
MODULO-VOZ	17	115
MODULO-WIFI	17	115
MODULO-DC/DCLM2596	17	115
MODULO-DRIVERA4988	17	115
MODULO-DS18B20	17	115
CABLESECG	17	115
MODULO-I2C	17	115
ACELEROMETROADXL345	17	115
SENSOR-CAPACITIVO	17	115
SHIELD-ETHERNET	17	116
SHIELIMPRESORA3D	17	116
MODULO-PAM8403/POT	17	116
MODULO-HX711	17	116
MODULO-MAX485	17	116
MODULO-MICROSD	17	116
MODULO-FTDI	17	116
SENSOR-DECOLOR	17	116
SENSOR-DECOLORTCS230	17	116
SENSOR-DECORRIENTE	17	116
SENSOR-DEPRESION	17	116
MQ-135	17	116
SENSOR-FLUJODEAGUA	17	116
SENSOR-HUMEDAD	17	116
MODULO-L293D	17	116
MODULO-NIVELDEVOLTAJE	17	116
MODULO-PAM8403	17	116
NODEMCU	17	116
SENSOR-PROXIMIDAD	17	116
SENSOR-PT100	17	116
SENSOR-ULTRASONICO	17	116
PUNTAOSC2	18	117
MINIBUZZER	18	117
PUNTB/C	18	117
MINIMOTOR-01	18	117
CABLEUTP	18	117
BOMBADEAIRE	17	118
MODULO-ULN2003	17	118
ELECTROVALVULA	17	118
BOMBADEAGUA	17	118
CHASISNEGROCHI	16	119
KITBOCINA-12"	16	119
KITBOCINA-8"	16	119
MUL-312	16	119
JGOCAIMANESCHI	16	119
LM337T	7	120
LM339	7	120
LM35	7	120
LM386	7	120
LM3914	7	120
LM2907/14P	7	120
LM7805	7	120
LM7806	7	120
LM7809	7	120
LM7812	7	120
LM7815	7	120
LM7905	7	120
LM7906	7	120
LM7909	7	120
LM7910	7	120
LM7912	7	120
LM311	7	120
LM317T	7	120
LM324	7	120
LM336-2.5	7	120
OP07	11	120
1N5404	11	121
1N5406	11	121
1N5407	11	121
DISIPADOR-LEDPOT	11	121
DZ10V	11	121
DZ12V	11	121
DZ3.3V	11	121
DZ8.2V	11	121
DZ9.1V	11	121
1N5408	11	121
OA90	11	121
1N60	11	121
1N4002	11	121
1N4003	11	121
1N4004	11	121
1N4005	11	121
1N4006	11	121
1N4007	11	121
1N4001	11	121
1N5400	11	121
1N5401	11	121
1N5402	11	121
TIC106	10	122
TIC116	10	122
TIC126	10	122
TIC206	10	122
TIP100	10	122
TIP110	10	122
TIP120	10	122
TIP127	10	122
TIP141	10	122
TIP142-TO218	10	122
TIP29	10	122
TIP2955	10	122
TIP3055	10	122
TIP31	10	122
TIP32	10	122
TIP41	10	122
TIP42	10	122
BTA41-400B	10	122
BTA41-800B	10	122
4N25-MS	15	122
4N25	15	122
CA3096	10	122
CABLEARDUINO	10	122
MOC3010	10	122
MOC3021	10	122
MOC3041	10	122
BD135	15	122
BT136	10	122
BT137	10	122
BT151	10	122
BTA08	10	122
BTA12	10	122
CA3086	7	123
HT12D	7	123
TL071	7	123
TL072	7	123
TL081	7	123
TL082	7	123
TL084	7	123
HT12E	7	123
ULN2003	7	123
LF33CV	7	123
LF398	7	123
L293D	7	123
PLACA01CHALUPA	2	124
PLACA02CHALUPA	2	124
FOCO40W	0	125
FOCO100W	0	125
FOCO60W	0	125
MJ3001	1	101
MJ15003	0	116
LM1201	1	1622265235
MODULO-AD9850	\N	1622265235
MODULO-BUZZER	\N	119
MODULO-4DISPLAY	\N	105
MPQ2222	\N	1622265235
2N3702	\N	1622265235
74LS299	\N	121
2N3903	0	\N
2N3904A-MS	7	\N
2N3905	7	\N
MPQ3904	0	\N
BTA16	7	\N
BTA24	7	\N
BTA26	7	116
Q6025L6	0	\N
\.


--
-- Name: cajamaterial cajamaterial_idcaja_key; Type: CONSTRAINT; Schema: public; Owner: hgarduno
--

ALTER TABLE ONLY public.cajamaterial
    ADD CONSTRAINT cajamaterial_idcaja_key UNIQUE (idcaja);


--
-- Name: cajamaterial cajamaterial_pkey; Type: CONSTRAINT; Schema: public; Owner: hgarduno
--

ALTER TABLE ONLY public.cajamaterial
    ADD CONSTRAINT cajamaterial_pkey PRIMARY KEY (caja);


--
-- Name: estante estante_idestante_key; Type: CONSTRAINT; Schema: public; Owner: hgarduno
--

ALTER TABLE ONLY public.estante
    ADD CONSTRAINT estante_idestante_key UNIQUE (idestante);


--
-- Name: estante estante_pkey; Type: CONSTRAINT; Schema: public; Owner: hgarduno
--

ALTER TABLE ONLY public.estante
    ADD CONSTRAINT estante_pkey PRIMARY KEY (estante);


--
-- Name: ubicacionproducto ubicacionproducto_pkey; Type: CONSTRAINT; Schema: public; Owner: hgarduno
--

ALTER TABLE ONLY public.ubicacionproducto
    ADD CONSTRAINT ubicacionproducto_pkey PRIMARY KEY (cveproducto);


--
-- Name: ubicacionproducto ubicacionproducto_cveproducto_fkey; Type: FK CONSTRAINT; Schema: public; Owner: hgarduno
--

ALTER TABLE ONLY public.ubicacionproducto
    ADD CONSTRAINT ubicacionproducto_cveproducto_fkey FOREIGN KEY (cveproducto) REFERENCES public.productos(cveproducto);


--
-- Name: ubicacionproducto ubicacionproducto_idcaja_fkey; Type: FK CONSTRAINT; Schema: public; Owner: hgarduno
--

ALTER TABLE ONLY public.ubicacionproducto
    ADD CONSTRAINT ubicacionproducto_idcaja_fkey FOREIGN KEY (idcaja) REFERENCES public.cajamaterial(idcaja);


--
-- Name: ubicacionproducto ubicacionproducto_idestante_fkey; Type: FK CONSTRAINT; Schema: public; Owner: hgarduno
--

ALTER TABLE ONLY public.ubicacionproducto
    ADD CONSTRAINT ubicacionproducto_idestante_fkey FOREIGN KEY (idestante) REFERENCES public.estante(idestante);


--
-- PostgreSQL database dump complete
--

