Tda	Prov	Prod	Existencia	Stk
5	57	80	58	-23
5	57	66	16	-22
5	57	82	66	-21
5	57	73	26	-20
5	57	79	224	-20
5	140	17	39	-20
5	528	6	51	-20
5	57	81	17	-19
5	140	16	46	-16
5	528	8	12	-14
5	57	68	13	-14
5	117	35	5	-13
5	191	38	4	-12
5	117	80	7	-12
5	296	3	-6	-9
5	117	68	9	-8
5	497	24	7	-8
5	57	72	3	-7
5	117	64	7	-7
5	537	12	10	-7
5	296	4	7	-7
5	525	4	-1	-7
5	525	2	11	-6
5	537	15	10	-5
5	117	51	7	-4
5	117	65	4	-4
5	289	45	10	-4
5	117	83	4	-4
5	642	101	11	-4
5	117	67	27	-3
5	117	79	5	-3
5	89	32	-3	-3
5	537	14	3	-3
5	650	3	6	-3
5	296	1	3	-2
5	117	86	2	-2
5	536	1	4	-2
18	89	463	-2	-2
5	140	13	2	-2
5	140	15	2	-2
5	646	104	2	-2
5	330	6	3	-2
5	117	74	2	-1
5	191	42	6	-1
5	568	7	5	-1
5	89	144	-1	-1
5	750	5	16	-1
5	289	47	20	-1
8	89	513	-1	-1
5	89	547	-1	-1
5	650	2	19	-1
5	267	64	3	0
5	515	14	2	0
5	515	8	1	0
5	156	24	5	0
5	515	7	1	0
5	156	101	4	0
5	191	37	2	0
44	132	142	1	0
5	497	23	3	0
5	259	2	2	0
5	445	142	1	0
5	261	108	1	0
5	330	3	1	0
5	296	5	6	0
5	382	8	4	0
5	390	101	1	0
44	323	2	1	0
5	433	120	1	0
5	117	98	4	0
5	445	124	1	0
5	445	110	-1	0
5	267	44	1	0
5	445	114	1	0
5	156	23	1	0
5	327	119	1	0
5	327	122	1	0
5	330	2	3	0
5	374	121	1	0
37	117	78	1	0
45	497	10	2	0
5	54	108	2	0
23	537	13	1	0
18	296	4	1	0
45	156	107	1	0
45	289	46	1	0
45	323	3	1	0
45	330	6	1	0
4	445	216	1	0
45	445	133	1	0
18	497	23	1	0
45	445	216	1	0
5	139	177	1	0
4	386	1	2	0
5	57	46	1	0
23	326	2	1	0
4	338	9	1	0
4	327	115	1	0
4	296	4	-1	0
4	296	3	1	0
4	296	1	1	0
23	154	9	1	0
4	245	11	1	0
4	245	6	1	0
20	117	60	1	0
20	117	78	1	0
18	510	8	1	0
5	117	55	1	0
42	117	88	1	0
5	140	14	3	0
5	140	10	3	0
5	140	8	1	0
5	140	7	1	0
5	140	2	1	0
5	139	191	11	0
5	139	185	2	0
5	139	125	1	0
5	117	85	3	0
5	117	84	1	0
5	54	109	1	0
5	117	70	8	0
5	54	126	9	0
5	117	54	2	0
5	117	49	2	0
5	117	45	4	0
5	117	43	1	0
5	117	28	2	0
18	117	60	1	0
5	113	187	1	0
5	113	121	1	0
5	62	5	1	0
5	57	70	3	0
5	57	62	2	0
5	156	19	1	0
5	117	71	10	0
9	117	69	-1	0
42	478	6	1	0
9	140	16	1	0
42	154	9	1	0
9	139	191	1	0
9	132	152	1	0
9	132	146	2	0
9	132	142	1	0
42	267	64	1	0
9	132	137	2	0
9	132	133	1	0
39	445	135	1	0
42	296	3	1	0
42	140	15	1	0
12	57	72	1	0
42	139	191	1	0
9	117	66	1	0
12	117	35	2	0
9	117	47	-1	0
12	117	60	1	0
12	117	65	1	0
9	57	81	2	0
12	117	68	1	0
42	433	104	2	0
42	445	136	3	0
12	117	83	1	0
42	445	197	1	0
12	117	88	1	0
5	530	2	10	0
9	117	85	1	0
42	54	118	2	0
40	323	2	1	0
40	384	3	1	0
40	433	105	1	0
9	565	140	1	0
40	445	165	-1	0
40	445	228	1	0
40	497	23	1	0
40	514	15	1	0
9	514	14	1	0
40	565	126	1	0
10	323	2	1	0
9	445	223	-1	0
42	154	3	1	0
10	382	3	1	0
12	132	133	1	0
39	742	3	-1	0
9	382	12	1	0
9	338	4	1	0
9	327	118	1	0
9	323	2	2	0
42	117	68	1	0
42	117	78	1	0
42	117	79	1	0
42	117	80	1	0
42	117	94	1	0
9	191	38	1	0
39	497	19	1	0
10	565	147	-1	0
42	54	115	1	0
8	117	61	1	0
9	54	114	2	0
8	140	1	1	0
8	139	191	1	0
8	139	185	-1	0
12	514	11	1	0
8	132	146	1	0
43	338	9	1	0
8	132	145	1	0
8	132	142	-1	0
8	132	134	-1	0
8	132	133	2	0
8	117	92	1	0
8	140	7	1	0
8	117	74	1	0
8	140	16	2	0
8	117	22	-1	0
8	117	9	1	0
8	113	186	1	0
12	565	139	1	0
8	54	118	1	0
8	54	117	1	0
37	140	16	1	0
5	565	146	1	0
44	54	121	1	0
5	560	9	2	0
44	117	35	1	0
5	537	3	9	0
46	117	64	1	0
37	445	119	-1	0
8	445	135	1	0
12	132	138	1	0
12	139	191	1	0
12	140	15	1	0
12	191	38	1	0
39	140	16	1	0
39	140	12	1	0
39	132	142	1	0
39	127	3	1	0
8	445	226	-1	0
42	565	147	1	0
8	445	202	2	0
8	445	201	-1	0
8	140	2	1	0
39	117	85	1	0
5	530	1	10	0
8	445	107	1	0
8	433	102	1	0
43	54	108	1	0
8	386	3	1	0
8	384	6	1	0
8	296	5	-1	0
12	445	197	1	0
8	267	64	1	0
12	445	228	1	0
43	191	38	1	0
8	154	9	1	0
8	154	5	1	0
12	497	11	1	0
8	445	197	1	0
52	117	95	1	0
22	117	60	1	0
3	117	68	1	0
46	132	149	1	0
20	478	6	1	0
4	117	68	1	0
52	445	120	1	0
4	117	45	1	0
46	140	16	1	0
46	296	1	1	0
46	327	113	1	0
4	89	452	1	0
3	154	9	1	0
22	132	137	1	0
3	568	4	1	0
4	117	60	1	0
20	699	100	-1	0
52	117	60	1	0
3	445	226	1	0
21	445	106	1	0
22	330	6	1	0
23	54	108	2	0
21	384	6	1	0
52	132	137	1	0
3	156	101	1	0
22	384	5	1	0
3	117	35	1	0
3	514	14	1	0
20	528	14	1	0
3	289	40	1	0
3	390	101	1	0
23	54	115	1	0
21	117	65	1	0
4	132	142	1	0
52	323	2	1	0
3	338	4	2	0
20	296	3	-1	0
3	127	3	1	0
3	132	138	1	0
5	156	21	1	0
21	514	13	1	0
46	445	201	1	0
3	327	115	1	0
3	338	10	1	0
23	117	60	1	0
3	646	101	3	0
23	117	68	1	0
23	117	35	1	0
21	117	91	1	0
22	510	7	1	0
12	89	663	1	1
12	132	151	2	1
21	289	25	1	1
21	258	4	1	1
12	57	79	2	1
12	57	80	1	1
12	57	81	2	1
12	140	16	1	1
12	289	32	1	1
12	289	31	1	1
12	154	7	1	1
12	140	17	2	1
12	156	106	1	1
12	154	3	1	1
12	289	25	1	1
12	89	545	1	1
21	245	2	1	1
12	245	2	1	1
21	258	2	1	1
21	258	3	1	1
12	117	100	1	1
12	154	9	1	1
12	154	11	1	1
12	154	12	1	1
21	323	1	1	1
21	289	41	1	1
21	289	33	1	1
21	289	35	1	1
12	117	67	1	1
21	289	38	1	1
12	117	87	1	1
21	289	45	1	1
12	117	90	1	1
12	117	80	1	1
21	289	47	1	1
12	117	78	1	1
12	117	74	1	1
12	117	71	1	1
21	289	43	1	1
21	289	42	1	1
12	117	70	1	1
12	117	81	1	1
21	289	49	2	1
12	132	148	1	1
21	289	31	1	1
21	289	32	1	1
12	117	92	1	1
12	117	101	1	1
12	117	99	1	1
12	117	89	1	1
12	117	97	1	1
12	132	149	2	1
12	117	96	1	1
12	117	95	1	1
12	117	93	1	1
12	117	64	1	1
12	289	33	2	1
12	117	91	1	1
21	296	3	1	1
12	395	5	1	1
12	384	1	1	1
12	445	144	2	1
12	445	139	1	1
12	445	137	1	1
12	445	135	1	1
12	445	134	1	1
12	445	131	1	1
12	445	107	1	1
12	445	200	1	1
12	395	6	1	1
12	445	203	1	1
12	395	4	1	1
12	395	3	1	1
12	395	2	1	1
12	386	2	1	1
12	384	6	1	1
12	384	4	1	1
12	384	3	1	1
12	289	46	1	1
21	132	142	1	1
12	445	232	1	1
21	117	92	1	1
21	117	93	1	1
12	497	19	1	1
12	497	18	1	1
12	497	17	1	1
21	117	95	1	1
21	117	96	1	1
21	117	97	1	1
12	445	198	2	1
12	445	233	1	1
12	382	12	1	1
12	445	231	1	1
21	117	99	1	1
12	445	230	1	1
21	117	100	1	1
12	445	227	2	1
12	445	224	1	1
21	117	101	1	1
12	445	208	1	1
12	478	6	1	1
12	54	120	1	1
12	384	2	1	1
12	323	2	1	1
21	154	7	1	1
21	154	8	1	1
12	323	1	1	1
12	296	4	1	1
21	154	10	1	1
12	296	3	1	1
12	327	105	1	1
21	154	12	1	1
21	140	17	1	1
12	289	47	1	1
12	57	73	1	1
12	289	45	1	1
12	289	43	1	1
12	289	42	1	1
12	289	41	1	1
21	191	38	1	1
21	191	42	1	1
12	289	49	1	1
12	338	16	1	1
21	132	148	2	1
12	382	11	1	1
21	132	149	2	1
12	382	7	1	1
12	382	6	1	1
12	382	5	1	1
12	382	2	1	1
12	382	1	1	1
12	323	3	1	1
12	360	100	1	1
12	289	35	1	1
12	338	13	1	1
21	132	151	2	1
12	330	5	6	1
12	327	124	1	1
21	132	152	2	1
12	327	123	1	1
12	327	122	1	1
12	327	121	1	1
21	132	150	2	1
10	289	25	1	1
10	289	49	1	1
10	289	47	1	1
10	289	46	1	1
10	289	45	1	1
10	289	43	1	1
10	289	41	1	1
10	289	39	1	1
10	289	33	1	1
10	154	8	1	1
10	289	31	1	1
10	330	4	4	1
21	445	203	1	1
21	445	208	1	1
10	258	4	1	1
10	258	3	1	1
10	245	2	1	1
10	191	38	1	1
10	154	11	1	1
10	433	104	1	1
10	289	32	1	1
21	445	139	1	1
21	327	108	1	1
10	386	1	3	1
10	384	3	1	1
10	384	2	1	1
10	382	11	1	1
10	382	8	1	1
10	382	7	1	1
10	382	6	1	1
21	445	200	1	1
10	382	5	1	1
10	327	105	1	1
21	445	144	1	1
10	382	2	1	1
21	445	197	1	1
10	338	16	1	1
10	338	13	1	1
10	330	6	1	1
10	330	5	5	1
21	445	198	1	1
10	154	7	1	1
21	445	137	1	1
21	497	18	1	1
21	497	17	1	1
10	117	78	1	1
10	117	70	1	1
10	117	67	1	1
10	117	60	2	1
10	117	35	1	1
10	89	17	1	1
10	57	82	1	1
10	154	10	1	1
10	57	80	1	1
10	117	88	1	1
10	57	79	2	1
10	57	66	1	1
10	54	123	1	1
10	54	121	1	1
10	54	120	1	1
10	54	116	1	1
10	54	113	1	1
21	497	19	1	1
10	57	81	1	1
10	117	96	1	1
10	140	17	2	1
10	140	16	1	1
10	132	152	1	1
21	445	230	1	1
10	132	151	1	1
10	132	150	1	1
10	132	149	1	1
21	445	231	1	1
10	117	87	1	1
10	117	97	1	1
21	445	233	1	1
10	117	95	1	1
10	117	94	1	1
10	117	93	1	1
10	117	92	1	1
21	445	232	1	1
10	117	91	1	1
10	117	90	1	1
10	117	89	1	1
10	445	104	1	1
10	132	148	1	1
21	384	1	1	1
21	382	2	1	1
10	650	2	1	1
10	646	101	2	1
10	610	5	1	1
21	382	5	1	1
21	382	6	1	1
10	610	4	1	1
21	382	7	2	1
10	539	3	1	1
10	610	3	1	1
10	650	3	1	1
10	610	2	1	1
10	610	1	1	1
21	384	2	1	1
21	384	3	1	1
10	565	151	2	1
21	384	4	1	1
10	565	144	1	1
10	386	2	1	1
21	382	11	1	1
12	54	115	1	1
12	57	68	1	1
21	327	105	1	1
12	57	66	1	1
12	54	125	1	1
12	54	124	1	1
12	54	123	2	1
12	54	122	1	1
12	54	121	1	1
21	338	17	1	1
12	54	116	2	1
21	338	13	1	1
21	327	121	1	1
12	54	113	1	1
12	54	108	1	1
10	750	5	1	1
10	744	102	1	1
10	744	101	1	1
21	330	4	2	1
21	330	5	2	1
10	537	15	1	1
12	528	9	1	1
10	445	216	1	1
10	525	2	1	1
10	510	8	1	1
10	510	7	1	1
10	497	24	1	1
10	445	233	1	1
10	445	232	1	1
10	445	231	1	1
10	445	230	1	1
10	565	126	1	1
10	445	224	1	1
21	395	6	1	1
10	445	208	1	1
10	445	203	1	1
21	445	131	1	1
10	445	200	1	1
10	445	197	1	1
10	445	144	1	1
10	445	139	1	1
10	445	137	1	1
10	445	229	1	1
10	536	3	2	1
10	537	12	1	1
10	537	11	1	1
10	537	10	1	1
21	386	1	3	1
10	537	4	1	1
10	537	3	1	1
10	537	2	1	1
10	536	7	1	1
10	528	6	4	1
10	536	4	1	1
10	528	7	2	1
10	536	2	1	1
21	395	2	1	1
21	395	3	1	1
10	528	14	1	1
10	528	13	1	1
21	395	4	1	1
21	395	5	1	1
10	528	10	1	1
21	323	3	1	1
10	536	5	1	1
18	289	45	1	1
18	338	13	1	1
18	330	5	2	1
18	330	4	2	1
18	327	124	1	1
18	327	105	1	1
18	323	1	1	1
20	140	16	1	1
18	245	2	1	1
18	289	47	1	1
18	338	17	1	1
18	289	43	1	1
18	289	41	1	1
18	289	35	1	1
18	289	33	1	1
18	289	32	1	1
18	289	31	1	1
18	289	25	1	1
18	117	68	1	1
18	289	49	1	1
18	384	5	1	1
18	445	106	1	1
18	445	104	1	1
18	395	6	1	1
18	395	5	1	1
18	395	4	1	1
18	395	3	1	1
20	132	151	1	1
18	395	2	1	1
20	132	152	1	1
18	386	1	1	1
18	338	16	1	1
18	384	3	1	1
18	384	2	1	1
18	382	11	1	1
18	382	7	1	1
18	382	6	1	1
18	382	5	1	1
18	382	2	1	1
18	191	38	1	1
18	386	2	1	1
18	117	91	1	1
20	289	32	1	1
18	117	99	1	1
20	289	33	1	1
18	117	97	1	1
20	289	41	1	1
18	117	96	1	1
18	117	95	1	1
20	140	17	1	1
18	117	92	1	1
20	258	2	1	1
18	117	90	1	1
18	117	89	1	1
18	117	88	1	1
18	117	87	1	1
18	117	81	1	1
18	117	78	1	1
18	117	71	1	1
12	528	7	4	1
18	117	93	1	1
18	132	137	1	1
18	154	12	1	1
18	154	8	1	1
18	154	7	2	1
18	140	17	1	1
18	140	16	1	1
18	139	215	1	1
18	132	152	1	1
18	132	151	1	1
20	289	31	1	1
18	132	149	1	1
20	289	25	1	1
18	117	101	1	1
20	154	7	1	1
18	117	100	1	1
20	154	8	1	1
20	154	11	1	1
20	191	38	1	1
20	245	2	1	1
18	445	131	1	1
18	132	150	1	1
18	646	101	2	1
20	54	113	1	1
20	54	100	1	1
18	750	5	1	1
20	117	92	1	1
20	117	93	1	1
20	117	95	1	1
18	744	102	1	1
18	445	107	1	1
18	650	2	1	1
20	54	121	1	1
18	610	5	1	1
18	610	4	1	1
20	117	96	1	1
18	610	3	1	1
18	610	1	1	1
18	565	151	1	1
18	565	149	2	1
18	565	144	1	1
18	744	101	1	1
20	57	82	1	1
20	117	88	1	1
20	117	87	1	1
20	117	81	1	1
20	117	90	1	1
20	117	79	1	1
20	117	71	-1	1
20	117	68	1	1
20	117	67	1	1
20	54	116	1	1
20	89	414	1	1
20	54	120	1	1
20	57	81	1	1
20	57	79	1	1
20	57	73	1	1
20	57	66	1	1
20	54	125	1	1
20	54	123	1	1
20	54	122	1	1
18	537	15	1	1
20	117	91	1	1
18	445	203	1	1
20	117	97	1	1
18	497	19	1	1
18	445	233	1	1
18	445	232	1	1
18	445	231	1	1
18	445	230	1	1
20	132	149	1	1
18	445	229	2	1
20	132	148	1	1
18	445	208	1	1
18	497	24	1	1
18	445	200	1	1
18	445	197	1	1
18	445	144	1	1
18	445	139	1	1
18	445	138	1	1
18	445	137	1	1
20	132	150	1	1
18	117	67	1	1
18	445	224	1	1
18	528	10	2	1
18	445	129	1	1
18	537	14	1	1
18	537	10	1	1
18	537	3	1	1
18	536	7	1	1
20	117	99	1	1
18	536	6	1	1
18	536	5	1	1
18	497	22	1	1
18	536	3	1	1
18	565	126	1	1
18	528	9	2	1
18	528	8	1	1
18	528	7	5	1
18	528	6	5	1
18	525	2	-1	1
20	117	100	1	1
18	514	12	1	1
20	132	137	1	1
18	536	4	1	1
12	610	2	1	1
21	54	120	1	1
21	54	121	1	1
21	54	123	1	1
21	54	125	2	1
21	57	66	1	1
12	646	101	1	1
12	642	100	1	1
12	565	126	1	1
12	610	4	1	1
12	646	105	1	1
12	610	1	1	1
21	57	73	1	1
21	57	79	1	1
12	568	7	1	1
12	565	150	1	1
12	565	149	1	1
12	565	148	1	1
20	289	43	1	1
12	610	5	1	1
12	744	102	1	1
20	610	1	1	1
20	610	2	1	1
20	610	3	1	1
12	750	10	1	1
20	646	101	1	1
20	650	3	1	1
20	744	101	1	1
12	750	9	1	1
12	646	103	1	1
20	750	5	1	1
12	646	104	1	1
12	744	101	1	1
21	54	100	1	1
21	54	113	1	1
12	744	100	1	1
21	54	116	1	1
12	650	3	1	1
12	650	2	1	1
12	539	4	1	1
12	750	5	1	1
12	514	15	1	1
12	528	11	1	1
12	528	10	1	1
20	117	89	1	1
12	528	8	1	1
12	528	6	4	1
12	525	4	1	1
12	525	2	1	1
21	57	80	1	1
21	117	70	1	1
12	536	3	1	1
21	117	71	1	1
21	117	80	1	1
21	117	81	1	1
12	514	12	1	1
21	117	87	1	1
12	497	24	1	1
12	497	23	1	1
12	497	20	1	1
21	117	67	1	1
12	537	4	1	1
12	537	16	1	1
12	537	15	2	1
12	537	14	2	1
21	57	81	1	1
21	89	17	1	1
21	117	35	1	1
21	117	60	1	1
12	537	12	1	1
12	528	14	1	1
12	537	10	1	1
12	536	2	1	1
12	537	3	1	1
12	537	2	2	1
21	117	64	1	1
12	536	7	1	1
12	536	6	1	1
12	536	5	1	1
12	536	4	1	1
20	565	144	1	1
12	537	11	1	1
20	395	6	1	1
20	384	3	1	1
20	384	5	1	1
18	117	35	1	1
20	386	1	1	1
20	386	2	1	1
20	395	2	1	1
20	395	3	1	1
20	565	151	1	1
20	395	5	1	1
20	382	11	1	1
20	445	104	1	1
20	445	120	1	1
20	445	131	1	1
20	445	137	1	1
10	54	100	2	1
20	445	139	1	1
20	445	144	2	1
20	445	197	1	1
20	395	4	1	1
20	338	13	1	1
20	289	45	1	1
20	289	46	1	1
20	289	47	1	1
20	289	49	1	1
20	323	1	1	1
20	323	3	1	1
20	327	105	1	1
20	327	124	1	1
20	384	2	1	1
20	330	5	2	1
20	384	1	1	1
20	338	16	1	1
20	338	17	1	1
3	29	198	1	1
20	382	2	1	1
42	642	101	1	1
20	382	6	1	1
20	382	7	1	1
20	445	224	1	1
20	330	4	3	1
18	54	121	1	1
20	445	200	1	1
20	536	4	1	1
20	536	5	1	1
20	536	6	1	1
20	536	7	1	1
20	537	2	1	1
20	537	4	1	1
20	537	10	1	1
20	536	3	1	1
20	537	12	1	1
20	536	2	1	1
18	54	120	1	1
18	54	116	1	1
20	537	14	1	1
20	537	15	1	1
20	565	126	1	1
18	54	113	1	1
18	54	100	1	1
21	117	88	1	1
18	54	122	1	1
18	57	73	1	1
20	565	148	1	1
20	445	229	1	1
20	445	230	2	1
20	445	231	1	1
20	445	232	1	1
20	445	233	1	1
18	57	82	1	1
18	57	81	1	1
18	54	123	1	1
20	497	20	1	1
20	445	203	1	1
20	514	12	1	1
18	57	66	1	1
20	514	15	1	1
20	525	2	1	1
20	528	6	2	1
20	528	7	4	1
18	54	125	2	1
20	528	10	2	1
18	57	79	2	1
4	154	3	1	1
4	117	101	1	1
4	258	4	2	1
4	258	3	1	1
4	258	2	1	1
4	191	38	2	1
4	156	106	1	1
4	154	12	1	1
4	154	11	1	1
4	289	31	1	1
4	154	7	1	1
4	289	32	1	1
4	140	17	1	1
4	140	16	1	1
4	132	152	2	1
4	132	151	2	1
4	132	150	2	1
4	132	149	2	1
4	132	148	2	1
4	132	147	1	1
3	750	6	1	1
4	154	8	1	1
4	323	2	1	1
4	338	13	1	1
4	330	6	1	1
4	330	5	5	1
4	330	4	4	1
4	327	122	1	1
4	327	121	1	1
4	327	111	1	1
4	327	110	1	1
4	289	25	1	1
4	327	105	1	1
4	117	100	1	1
4	323	1	1	1
4	289	49	1	1
4	289	47	1	1
4	289	46	1	1
4	289	43	1	1
4	289	42	1	1
4	289	41	1	1
4	289	35	1	1
4	289	33	2	1
4	327	108	1	1
4	54	125	1	1
4	132	137	1	1
4	89	510	1	1
4	89	44	1	1
4	89	17	1	1
4	57	82	2	1
4	57	81	2	1
4	57	80	2	1
4	57	79	3	1
4	89	654	1	1
4	57	66	1	1
4	117	9	1	1
4	54	123	1	1
4	54	121	1	1
4	54	120	1	1
4	54	116	1	1
4	54	113	1	1
4	54	108	1	1
4	54	100	1	1
3	750	8	1	1
4	750	5	1	1
4	57	73	1	1
4	117	88	1	1
4	117	99	1	1
4	117	97	1	1
4	117	96	1	1
4	117	95	1	1
4	117	94	1	1
4	117	93	1	1
4	117	92	1	1
4	117	91	1	1
4	89	535	1	1
4	117	89	1	1
4	338	17	1	1
4	117	87	1	1
4	117	81	2	1
4	117	80	1	1
4	117	78	1	1
4	117	71	1	1
4	117	67	1	1
4	117	64	1	1
4	117	51	1	1
4	117	35	1	1
4	117	90	1	1
4	536	5	1	1
4	338	14	1	1
4	537	14	2	1
4	537	12	1	1
4	537	11	1	1
4	537	10	1	1
4	537	4	1	1
4	537	3	1	1
4	537	2	1	1
4	539	1	1	1
4	536	7	1	1
4	539	2	1	1
4	536	4	1	1
4	536	3	1	1
4	536	2	1	1
4	528	13	1	1
4	528	12	1	1
4	528	10	1	1
4	528	9	1	1
4	528	8	1	1
4	528	7	4	1
4	537	1	1	1
4	610	4	1	1
9	289	46	1	1
4	744	102	1	1
4	744	101	2	1
4	744	100	1	1
4	650	4	1	1
4	650	2	1	1
4	646	105	1	1
4	646	103	1	1
4	537	15	2	1
4	610	5	1	1
4	514	11	1	1
4	610	3	2	1
4	610	2	1	1
4	610	1	1	1
4	568	8	1	1
4	568	7	1	1
4	565	151	1	1
4	565	148	1	1
4	539	4	1	1
4	539	3	1	1
4	646	101	2	1
4	384	2	1	1
4	395	6	1	1
4	395	5	1	1
4	395	4	1	1
4	395	3	1	1
4	395	2	1	1
4	386	2	1	1
4	384	6	1	1
4	384	5	1	1
4	528	6	5	1
4	384	3	1	1
4	445	120	1	1
4	384	1	1	1
4	382	11	1	1
4	382	6	1	1
4	382	5	1	1
4	382	4	1	1
4	382	2	1	1
4	382	1	1	1
4	360	100	1	1
3	750	5	1	1
4	384	4	1	1
4	445	200	1	1
4	338	16	1	1
4	497	24	1	1
4	497	23	1	1
4	497	20	1	1
4	497	19	1	1
4	497	17	1	1
4	445	233	1	1
4	445	232	1	1
4	445	230	2	1
4	433	105	1	1
4	445	203	1	1
4	445	106	1	1
4	445	199	1	1
4	445	198	1	1
4	445	144	2	1
4	445	139	1	1
4	445	138	1	1
4	445	137	2	1
4	445	131	1	1
4	445	129	1	1
4	525	2	1	1
4	445	208	2	1
3	156	106	1	1
3	117	101	1	1
3	289	31	1	1
3	289	25	1	1
3	258	4	1	1
3	258	3	1	1
3	258	2	1	1
3	245	11	1	1
3	245	6	1	1
3	289	33	1	1
3	156	107	1	1
3	289	35	1	1
3	156	105	1	1
3	154	12	1	1
3	154	11	1	1
3	154	8	1	1
3	154	7	1	1
3	140	17	1	1
3	140	16	1	1
3	132	147	1	1
3	750	7	1	1
3	191	38	1	1
3	323	2	1	1
3	338	13	2	1
3	338	9	1	1
3	330	6	1	1
3	330	5	5	1
3	330	4	7	1
3	327	121	2	1
3	327	111	1	1
3	327	110	1	1
3	289	32	1	1
3	323	3	1	1
3	117	100	1	1
3	323	1	1	1
3	289	49	1	1
3	289	47	1	1
3	289	46	1	1
3	289	45	1	1
3	289	43	1	1
3	289	42	1	1
3	289	41	1	1
3	289	38	1	1
3	327	108	1	1
3	57	73	1	1
3	132	142	1	1
3	89	544	1	1
3	89	469	1	1
3	89	446	1	1
3	89	44	1	1
3	89	26	1	1
3	57	82	1	1
3	57	81	2	1
3	117	9	1	1
3	57	79	2	1
3	117	51	1	1
3	57	66	1	1
3	54	125	1	1
3	54	123	1	1
3	54	121	1	1
3	54	120	1	1
3	54	116	1	1
3	54	113	1	1
3	54	108	1	1
3	54	100	1	1
3	57	80	1	1
3	117	88	1	1
3	117	99	1	1
3	117	97	1	1
3	117	96	1	1
3	117	95	1	1
3	117	94	1	1
3	117	93	1	1
3	117	92	1	1
3	117	91	1	1
3	89	666	1	1
3	117	89	1	1
3	360	100	1	1
3	117	87	1	1
3	117	83	2	1
3	117	81	1	1
3	117	80	1	1
3	117	78	1	1
3	117	71	1	1
3	117	67	1	1
3	117	64	1	1
3	117	60	1	1
3	117	90	1	1
3	536	5	1	1
3	338	14	1	1
3	537	12	1	1
3	537	11	2	1
3	537	10	1	1
3	537	4	1	1
3	537	3	1	1
3	537	2	1	1
3	537	1	1	1
3	537	15	2	1
3	536	6	1	1
3	539	1	1	1
3	536	4	1	1
3	536	2	3	1
3	536	1	2	1
3	528	9	1	1
3	528	8	1	1
3	528	6	9	1
3	525	2	1	1
3	514	18	1	1
3	514	15	1	1
3	536	7	1	1
3	610	3	1	1
3	744	102	1	1
3	744	101	2	1
3	744	100	1	1
3	650	4	1	1
3	650	3	1	1
3	650	2	1	1
3	646	105	1	1
3	646	103	1	1
3	537	14	2	1
3	610	4	1	1
3	497	24	1	1
3	610	2	1	1
3	610	1	1	1
3	568	8	1	1
3	568	7	1	1
3	565	151	1	1
3	565	148	1	1
3	539	4	1	1
3	539	3	1	1
3	539	2	1	1
3	610	5	1	1
3	384	1	1	1
3	395	4	1	1
3	395	3	1	1
3	395	2	1	1
3	386	2	1	1
3	386	1	2	1
3	384	6	1	1
3	384	5	1	1
3	384	4	1	1
3	514	12	1	1
3	384	2	1	1
3	445	104	1	1
3	382	11	1	1
3	382	7	1	1
3	382	6	1	1
3	382	5	1	1
3	382	4	1	1
3	382	3	1	1
3	382	2	1	1
3	382	1	2	1
5	54	113	2	1
3	384	3	1	1
3	445	203	1	1
3	338	17	1	1
3	497	23	1	1
3	497	20	1	1
3	497	19	1	1
3	497	17	1	1
3	445	233	1	1
3	445	232	1	1
3	445	231	1	1
3	445	230	1	1
3	395	5	1	1
3	445	208	1	1
3	395	6	1	1
3	445	200	1	1
3	445	197	1	1
3	445	144	2	1
3	445	139	1	1
3	445	138	1	1
3	445	137	1	1
3	445	135	1	1
3	445	131	1	1
3	514	11	1	1
3	445	224	1	1
9	132	149	1	1
9	117	93	1	1
9	154	11	1	1
9	154	10	1	1
9	154	9	1	1
9	154	8	1	1
9	154	7	2	1
9	154	3	1	1
9	140	17	2	1
9	245	2	1	1
9	132	151	1	1
9	289	25	1	1
9	132	148	2	1
9	132	138	1	1
9	117	101	1	1
9	117	100	1	1
9	117	99	1	1
9	117	97	1	1
9	117	96	1	1
9	117	95	2	1
8	610	3	1	1
9	140	13	2	1
21	497	20	1	1
9	330	4	4	1
9	328	100	1	1
9	327	124	1	1
9	327	123	1	1
9	327	122	1	1
9	327	121	1	1
9	323	3	1	1
9	323	1	1	1
9	156	107	2	1
9	289	49	1	1
9	117	92	1	1
9	289	43	1	1
20	382	5	1	1
9	289	42	1	1
9	289	41	1	1
9	289	40	1	1
9	289	39	1	1
9	289	33	2	1
9	289	32	1	1
9	289	31	1	1
9	296	4	1	1
9	54	113	1	1
9	117	94	1	1
9	57	68	1	1
9	54	124	1	1
9	54	123	1	1
9	54	122	1	1
9	54	121	1	1
9	54	120	2	1
9	54	117	2	1
9	57	73	1	1
9	54	115	1	1
9	57	79	1	1
9	54	108	1	1
9	54	100	1	1
8	750	5	1	1
8	744	101	2	1
8	646	105	1	1
8	646	103	1	1
8	646	101	1	1
8	610	5	1	1
4	750	4	1	1
9	54	116	2	1
9	117	71	1	1
9	117	91	2	1
9	117	90	1	1
9	117	89	2	1
9	117	88	1	1
9	117	87	2	1
9	117	86	2	1
9	117	81	2	1
9	117	80	1	1
9	57	72	1	1
9	117	78	1	1
9	338	16	1	1
9	117	70	1	1
9	117	68	1	1
9	117	67	2	1
9	117	60	1	1
9	117	35	1	1
9	89	549	1	1
9	89	469	1	1
9	89	21	1	1
9	57	80	2	1
9	117	79	1	1
9	536	4	1	1
9	330	5	3	1
9	537	11	1	1
9	537	10	1	1
9	537	4	1	1
9	537	3	1	1
9	537	2	1	1
9	537	1	1	1
9	536	7	1	1
9	537	14	1	1
9	536	5	1	1
9	537	16	1	1
9	536	3	1	1
9	536	2	1	1
9	536	1	1	1
9	528	14	1	1
9	528	13	1	1
9	528	8	1	1
9	528	7	6	1
9	528	6	6	1
9	525	4	1	1
9	536	6	1	1
9	610	3	1	1
9	750	9	1	1
9	744	101	1	1
9	744	100	1	1
9	650	2	1	1
9	646	105	1	1
9	646	104	1	1
9	646	103	1	1
9	642	100	1	1
9	537	12	1	1
9	610	4	1	1
9	510	8	1	1
9	610	2	1	1
9	610	1	1	1
9	565	150	1	1
9	565	149	1	1
9	565	148	1	1
9	565	144	1	1
9	565	139	1	1
9	565	126	1	1
9	539	4	1	1
9	610	5	1	1
9	384	5	1	1
9	445	136	2	1
9	445	131	1	1
9	445	120	1	1
9	395	6	1	1
9	395	5	1	1
9	395	4	1	1
9	395	3	1	1
9	395	2	1	1
9	525	2	1	1
9	384	6	3	1
9	445	144	4	1
9	384	4	1	1
9	384	2	1	1
9	382	11	1	1
9	382	7	1	1
9	382	5	1	1
9	382	3	1	1
9	382	1	1	1
9	360	100	1	1
8	610	2	1	1
9	386	2	2	1
9	445	230	2	1
9	338	13	2	1
9	497	24	1	1
9	497	23	2	1
9	497	22	1	1
9	497	20	1	1
9	497	19	1	1
9	497	18	1	1
9	497	17	1	1
9	445	233	1	1
9	445	137	2	1
9	445	231	1	1
9	445	139	1	1
9	445	224	1	1
9	445	216	2	1
9	445	213	1	1
9	445	208	1	1
9	445	203	1	1
9	445	200	1	1
9	445	199	1	1
9	445	197	1	1
9	514	12	1	1
9	445	232	1	1
8	54	123	1	1
5	612	104	1	1
8	117	48	1	1
8	117	35	1	1
8	57	82	1	1
8	57	81	1	1
8	57	80	1	1
8	57	79	2	1
8	57	73	1	1
8	117	67	1	1
8	54	125	1	1
8	117	70	1	1
8	54	121	1	1
8	54	120	1	1
8	54	116	3	1
8	54	115	1	1
8	54	113	1	1
8	54	109	1	1
8	54	108	1	1
8	54	100	1	1
8	610	4	1	1
8	57	68	1	1
8	117	91	1	1
8	132	148	1	1
8	132	147	1	1
8	132	138	1	1
8	117	101	1	1
8	117	100	1	1
8	117	99	1	1
8	117	97	2	1
8	117	96	1	1
8	117	60	2	1
8	117	94	1	1
5	612	103	1	1
8	117	90	1	1
8	117	89	1	1
8	117	88	1	1
8	117	87	1	1
8	117	86	1	1
8	117	81	1	1
8	117	80	1	1
8	117	78	2	1
8	117	71	1	1
8	117	95	2	1
5	89	501	1	1
5	642	100	15	1
5	245	2	41	1
5	127	10	1	1
5	117	10	1	1
5	89	679	1	1
5	89	655	1	1
5	89	521	1	1
5	89	519	1	1
5	289	42	6	1
5	89	506	1	1
5	289	46	1	1
5	89	498	1	1
5	89	488	1	1
5	89	484	1	1
5	89	450	1	1
5	89	443	1	1
5	89	414	1	1
5	89	230	1	1
5	89	96	1	1
5	89	17	1	1
5	89	508	1	1
5	520	102	1	1
5	612	102	1	1
5	612	101	1	1
5	612	100	1	1
5	568	2	1	1
5	565	138	2	1
5	565	132	1	1
5	539	1	1	1
5	537	16	4	1
5	289	21	1	1
5	522	104	1	1
8	132	152	1	1
5	497	17	6	1
5	445	219	1	1
5	445	217	1	1
5	445	130	1	1
5	445	102	1	1
5	338	13	35	1
5	327	112	1	1
5	289	50	1	1
5	289	48	1	1
5	537	2	8	1
8	445	200	2	1
8	132	149	1	1
8	497	18	1	1
8	445	233	1	1
8	445	232	1	1
8	445	230	1	1
8	445	227	1	1
8	445	224	1	1
8	445	216	1	1
8	528	6	6	1
8	445	208	1	1
8	528	7	8	1
8	445	199	2	1
8	445	198	2	1
8	445	139	1	1
8	445	138	1	1
8	445	137	1	1
8	445	136	1	1
8	445	134	1	1
8	445	120	1	1
8	445	104	1	1
8	445	213	1	1
8	537	3	1	1
8	610	1	1	1
8	565	149	1	1
8	565	148	1	1
8	565	147	2	1
8	565	144	2	1
8	565	138	1	1
8	565	126	1	1
8	537	12	1	1
8	497	22	1	1
8	537	10	1	1
8	395	6	1	1
8	537	2	1	1
8	536	6	2	1
8	536	5	1	1
8	536	4	1	1
8	536	3	1	1
8	536	2	1	1
8	528	14	1	1
8	528	13	1	1
8	528	11	1	1
8	537	11	3	1
8	156	107	2	1
8	289	43	1	1
8	289	42	1	1
8	289	41	1	1
8	289	33	1	1
8	289	32	1	1
8	289	31	1	1
8	289	25	1	1
8	258	4	1	1
8	433	105	1	1
8	217	101	1	1
8	289	47	2	1
8	156	106	1	1
8	154	12	1	1
8	154	11	1	1
8	154	10	1	1
8	154	3	1	1
8	140	17	4	1
8	140	15	1	1
8	140	13	1	1
9	750	10	1	1
8	245	2	2	1
8	338	16	1	1
8	132	151	1	1
8	395	5	1	1
8	395	4	1	1
8	395	3	1	1
8	395	2	1	1
8	386	2	2	1
8	384	1	1	1
8	382	11	1	1
8	382	8	1	1
8	289	45	1	1
8	382	1	1	1
8	289	46	1	1
8	338	13	1	1
8	330	6	1	1
8	330	5	7	1
8	330	4	2	1
8	327	124	1	1
8	323	1	1	1
8	296	4	1	1
8	289	49	1	1
8	433	104	1	1
8	382	3	1	1
43	445	233	1	1
43	528	12	1	1
43	528	9	1	1
43	528	8	1	1
43	528	7	5	1
43	528	6	3	1
43	525	2	1	1
43	514	12	1	1
43	510	7	2	1
43	497	23	1	1
43	445	198	1	1
43	478	6	1	1
43	537	2	1	1
43	445	232	1	1
43	445	231	1	1
43	445	230	1	1
43	445	229	2	1
43	445	224	1	1
43	445	208	1	1
43	445	203	1	1
43	445	201	1	1
43	445	200	1	1
44	57	73	1	1
43	497	18	1	1
43	610	4	1	1
44	537	3	1	1
44	54	125	1	1
44	54	123	1	1
44	54	120	1	1
44	54	116	1	1
44	54	113	1	1
44	54	100	2	1
43	750	5	1	1
43	744	101	1	1
43	650	2	1	1
43	536	2	1	1
43	610	5	1	1
43	536	7	1	1
43	610	3	1	1
43	610	2	1	1
43	610	1	1	1
43	568	7	1	1
43	565	151	1	1
43	539	3	1	1
43	537	15	1	1
43	537	11	1	1
43	537	4	1	1
43	445	197	2	1
43	646	101	1	1
43	289	31	1	1
43	323	2	1	1
43	323	1	1	1
43	296	4	2	1
43	289	47	2	1
43	289	46	1	1
43	289	45	1	1
43	289	43	1	1
43	289	41	1	1
43	289	40	1	1
43	445	199	1	1
43	289	32	1	1
43	327	111	1	1
43	289	25	1	1
43	258	3	1	1
43	258	2	1	1
43	245	11	1	1
43	245	2	1	1
43	156	105	1	1
43	154	11	1	1
43	154	9	1	1
43	154	8	1	1
43	154	7	1	1
43	289	33	1	1
43	382	11	1	1
43	445	144	1	1
43	445	139	1	1
43	445	137	1	1
43	445	135	1	1
43	445	131	1	1
43	445	106	1	1
43	386	2	1	1
43	386	1	2	1
43	384	6	1	1
43	384	5	1	1
43	327	105	1	1
43	384	1	1	1
43	327	108	1	1
43	382	7	1	1
43	382	6	1	1
43	382	5	1	1
43	382	4	1	1
43	338	17	1	1
43	338	16	1	1
43	338	13	1	1
43	330	5	2	1
43	330	4	2	1
44	57	79	2	1
43	384	3	1	1
44	395	3	1	1
44	445	198	1	1
44	445	166	1	1
44	445	144	1	1
44	445	139	1	1
44	445	137	1	1
44	445	134	1	1
44	445	120	1	1
44	445	107	2	1
44	395	6	1	1
44	330	6	1	1
44	395	4	1	1
44	445	203	2	1
44	395	2	1	1
44	386	2	1	1
44	386	1	1	1
44	384	6	1	1
44	384	2	1	1
44	382	11	1	1
44	382	7	1	1
44	382	6	1	1
44	382	5	1	1
44	57	66	1	1
44	395	5	1	1
44	514	11	1	1
40	610	4	1	1
44	537	1	1	1
44	536	7	1	1
44	536	6	1	1
44	536	5	1	1
44	536	4	1	1
44	536	3	2	1
44	528	13	1	1
44	528	7	5	1
44	528	6	2	1
44	445	199	1	1
44	525	2	1	1
44	445	200	1	1
44	510	8	1	1
44	497	24	1	1
44	497	23	1	1
44	445	233	1	1
44	445	232	1	1
44	445	230	2	1
44	445	224	1	1
44	445	216	1	1
44	445	208	1	1
44	330	5	4	1
44	525	4	1	1
44	117	94	1	1
44	140	16	1	1
44	132	152	1	1
44	132	151	1	1
44	132	150	1	1
44	132	149	1	1
44	132	148	1	1
44	117	100	1	1
44	117	99	1	1
44	117	97	1	1
44	338	13	1	1
44	117	95	1	1
44	154	8	1	1
44	117	93	1	1
44	117	92	1	1
44	117	91	1	1
44	117	89	1	1
44	117	88	1	1
44	117	87	1	1
44	117	81	1	1
44	117	60	1	1
44	57	81	1	1
44	57	80	1	1
44	117	96	1	1
44	289	41	1	1
44	330	4	4	1
44	327	105	1	1
44	326	2	1	1
44	323	3	1	1
44	296	4	1	1
44	296	3	1	1
44	289	49	1	1
44	289	47	1	1
44	289	46	1	1
44	289	45	1	1
44	140	17	1	1
44	289	42	1	1
44	154	7	1	1
44	289	33	1	1
44	289	32	1	1
44	289	31	1	1
44	289	25	1	1
44	258	2	1	1
44	245	2	1	1
44	191	38	1	1
44	154	11	1	1
44	154	9	1	1
43	140	16	1	1
44	289	43	1	1
42	289	31	1	1
42	289	49	1	1
42	289	47	1	1
42	289	45	1	1
42	289	43	1	1
42	289	42	1	1
42	289	41	2	1
42	289	39	1	1
42	289	38	1	1
42	289	35	1	1
42	154	7	1	1
42	289	32	1	1
42	323	3	1	1
42	289	25	1	1
42	258	3	1	1
42	258	2	1	1
42	245	2	1	1
42	217	101	1	1
42	191	38	1	1
42	156	105	1	1
42	154	12	1	1
42	154	10	2	1
43	154	3	1	1
42	289	33	1	1
42	382	7	1	1
42	445	107	1	1
42	433	105	1	1
42	395	6	1	1
42	395	5	1	1
42	395	4	1	1
42	395	3	1	1
42	395	2	1	1
42	386	2	2	1
42	386	1	3	1
42	384	6	1	1
42	323	1	1	1
42	382	11	1	1
42	323	2	1	1
42	382	5	1	1
42	382	1	1	1
42	338	16	1	1
42	338	13	1	1
42	330	6	1	1
42	330	5	2	1
42	330	4	3	1
42	327	124	1	1
42	327	105	1	1
42	140	17	4	1
42	384	5	1	1
42	54	117	2	1
42	57	81	1	1
42	57	80	2	1
42	57	79	2	1
42	57	73	1	1
42	57	72	1	1
42	57	68	1	1
42	54	125	1	1
42	54	124	1	1
42	54	122	1	1
42	154	8	1	1
42	54	120	3	1
42	117	51	1	1
42	54	116	2	1
42	54	109	2	1
42	54	108	1	1
42	54	100	3	1
40	750	5	1	1
40	744	101	1	1
40	646	106	1	1
40	646	105	1	1
40	646	101	1	1
40	610	5	1	1
42	54	121	2	1
42	117	93	1	1
42	140	16	3	1
42	132	152	2	1
42	132	151	2	1
42	132	150	2	1
42	132	149	1	1
42	132	148	2	1
42	117	101	1	1
42	117	100	1	1
42	117	99	2	1
42	117	97	1	1
42	57	82	1	1
42	117	95	2	1
42	89	517	1	1
42	117	92	1	1
42	117	91	1	1
42	117	90	1	1
42	117	89	2	1
42	117	87	1	1
42	117	81	1	1
42	117	71	1	1
42	117	70	2	1
42	117	60	2	1
42	445	137	1	1
42	117	96	2	1
42	646	105	1	1
43	54	125	1	1
43	54	123	1	1
43	54	121	1	1
43	54	120	1	1
43	54	116	1	1
20	382	1	1	1
43	54	100	1	1
21	497	22	1	1
42	744	102	1	1
42	445	120	1	1
42	650	2	1	1
43	57	79	2	1
42	646	103	1	1
42	646	101	1	1
42	610	5	1	1
42	610	3	1	1
42	568	7	1	1
42	565	150	1	1
42	565	149	1	1
42	565	148	1	1
42	565	144	2	1
42	565	126	1	1
42	744	101	1	1
43	117	89	1	1
44	537	4	1	1
43	132	151	1	1
43	132	150	1	1
43	132	149	1	1
43	132	148	1	1
43	132	147	1	1
43	132	142	1	1
43	117	100	1	1
43	117	99	1	1
43	117	97	1	1
43	57	66	1	1
43	117	95	1	1
43	57	72	1	1
43	117	81	1	1
43	117	78	1	1
43	117	71	1	1
43	117	67	1	1
43	117	64	1	1
43	117	35	2	1
43	57	82	1	1
43	57	81	1	1
43	57	80	1	1
42	537	15	1	1
43	117	96	1	1
42	445	224	1	1
42	539	4	2	1
42	497	22	1	1
42	497	20	1	1
42	497	19	1	1
42	497	18	1	1
42	497	17	1	1
42	445	233	2	1
42	445	232	2	1
42	445	231	1	1
42	445	230	1	1
42	514	11	1	1
42	445	227	1	1
42	514	12	1	1
42	445	216	2	1
42	445	208	1	1
42	445	203	1	1
42	445	200	1	1
42	445	199	1	1
42	445	198	1	1
42	445	144	1	1
42	445	141	1	1
42	445	139	1	1
43	140	17	1	1
42	445	229	2	1
42	528	14	1	1
42	445	134	-1	1
42	537	12	1	1
42	537	11	2	1
42	537	10	1	1
42	537	4	1	1
42	537	3	1	1
42	537	2	2	1
42	536	6	1	1
42	536	5	2	1
42	536	4	2	1
42	497	23	1	1
42	536	2	1	1
42	537	16	1	1
42	528	13	1	1
42	528	11	1	1
42	528	10	1	1
42	528	9	1	1
42	528	8	1	1
42	528	7	6	1
42	528	6	4	1
42	525	4	1	1
42	525	2	1	1
42	514	19	1	1
42	536	3	1	1
52	54	121	1	1
52	117	81	1	1
52	117	78	2	1
52	117	68	1	1
52	117	67	1	1
52	117	51	2	1
52	89	513	1	1
52	57	82	1	1
52	57	81	1	1
52	57	80	1	1
46	565	151	1	1
52	54	125	1	1
52	117	91	1	1
52	54	120	1	1
52	54	116	1	1
52	54	113	1	1
52	54	100	1	1
46	744	101	1	1
46	650	2	1	1
46	646	105	1	1
46	646	101	1	1
46	610	5	2	1
52	289	46	1	1
52	57	79	2	1
52	154	8	1	1
44	537	2	1	1
52	289	43	1	1
52	289	41	1	1
52	289	33	1	1
52	289	32	1	1
52	289	31	2	1
52	289	25	1	1
52	258	4	1	1
52	258	2	1	1
52	245	2	1	1
52	117	87	1	1
52	154	11	1	1
52	117	88	1	1
52	154	7	1	1
52	154	3	1	1
52	140	17	1	1
52	140	16	1	1
52	132	148	2	1
52	132	133	2	1
52	117	100	1	1
52	117	99	1	1
52	117	97	1	1
46	565	144	1	1
52	191	38	1	1
46	395	6	1	1
46	445	208	1	1
46	445	203	1	1
46	445	200	1	1
46	445	198	1	1
46	445	197	1	1
46	445	184	1	1
46	445	144	1	1
46	445	139	1	1
46	445	137	1	1
46	610	2	1	1
46	445	129	1	1
46	445	230	1	1
46	395	5	1	1
46	395	4	1	1
46	395	3	1	1
46	395	2	1	1
46	386	2	1	1
46	386	1	2	1
46	384	1	1	1
46	382	11	1	1
46	382	7	1	1
46	382	5	1	1
46	445	131	1	1
46	528	8	1	1
46	565	126	1	1
46	537	15	1	1
46	537	12	1	1
46	537	11	1	1
46	537	10	1	1
46	537	4	2	1
46	537	3	1	1
46	537	2	1	1
46	536	5	1	1
46	536	4	1	1
46	445	224	1	1
46	536	2	1	1
46	445	229	1	1
46	528	7	5	1
46	528	6	4	1
46	514	15	1	1
46	510	7	2	1
46	497	24	1	1
46	497	23	1	1
46	445	233	1	1
46	445	232	2	1
46	445	231	1	1
52	289	47	1	1
46	536	3	1	1
52	610	1	1	1
39	360	100	1	1
52	750	5	1	1
52	744	101	1	1
52	650	3	1	1
52	650	2	1	1
52	646	106	1	1
52	646	105	1	1
52	646	101	2	1
52	610	5	1	1
52	537	2	1	1
52	610	2	1	1
39	642	101	1	1
52	565	151	1	1
52	565	126	2	1
52	539	3	1	1
52	539	1	1	1
52	537	15	1	1
52	537	14	1	1
52	537	12	2	1
52	537	11	2	1
52	537	10	1	1
52	289	45	2	1
52	610	4	1	1
43	395	4	1	1
42	642	100	1	1
42	360	100	1	1
23	642	101	1	1
23	117	101	1	1
23	642	100	1	1
22	642	100	1	1
22	646	106	1	1
12	642	101	1	1
43	539	1	1	1
43	327	124	1	1
39	117	101	1	1
43	395	5	1	1
39	642	100	1	1
43	395	3	1	1
43	395	2	1	1
43	536	6	1	1
43	497	24	1	1
43	646	105	1	1
43	57	73	1	1
43	539	4	1	1
43	54	122	1	1
43	642	100	1	1
52	537	1	1	1
43	395	6	1	1
52	382	5	1	1
52	395	2	1	1
52	386	2	1	1
52	386	1	2	1
52	384	6	1	1
52	384	5	1	1
52	384	3	1	1
52	384	2	1	1
52	384	1	1	1
52	382	11	1	1
52	537	4	1	1
52	382	6	1	1
52	395	5	1	1
52	382	1	1	1
52	338	17	1	1
52	338	16	1	1
52	338	13	1	1
52	330	5	3	1
52	330	4	2	1
52	327	113	1	1
52	327	108	1	1
52	327	105	1	1
52	289	49	1	1
52	382	7	1	1
52	445	233	1	1
52	536	6	1	1
52	536	4	1	1
52	536	2	1	1
52	528	12	1	1
52	528	7	3	1
52	528	6	4	1
52	525	2	1	1
52	514	12	1	1
52	514	11	1	1
52	497	24	1	1
52	395	3	1	1
52	497	18	1	1
52	395	4	1	1
52	445	232	1	1
52	445	231	1	1
52	445	230	1	1
52	445	229	1	1
52	445	203	1	1
52	445	144	2	1
52	445	139	1	1
52	445	137	1	1
52	395	6	1	1
46	330	4	2	1
52	497	19	1	1
45	154	11	1	1
45	289	47	1	1
45	289	45	1	1
45	289	43	1	1
45	289	42	1	1
45	289	41	1	1
45	289	33	1	1
45	289	32	1	1
45	289	31	1	1
45	289	25	1	1
45	117	97	1	1
45	191	38	1	1
45	327	105	1	1
45	154	8	1	1
45	154	7	1	1
45	140	17	4	1
45	140	16	1	1
45	132	149	1	1
45	132	148	1	1
45	132	147	1	1
45	117	101	1	1
45	117	100	1	1
46	338	13	1	1
45	245	2	1	1
45	384	5	1	1
45	445	144	1	1
45	445	139	1	1
45	445	137	1	1
45	445	131	1	1
45	395	6	1	1
45	395	5	1	1
45	395	4	1	1
45	395	3	1	1
45	395	2	1	1
45	386	2	1	1
45	289	49	1	1
45	384	6	1	1
45	323	1	1	1
45	382	11	1	1
45	382	7	1	1
45	382	6	1	1
45	382	5	1	1
45	382	2	1	1
45	338	13	1	1
45	330	5	3	1
45	330	4	5	1
45	327	124	1	1
45	117	96	1	1
45	386	1	2	1
44	610	2	1	1
45	54	116	1	1
45	54	113	1	1
45	54	100	1	1
44	750	5	1	1
44	744	101	1	1
44	744	100	1	1
44	650	2	1	1
44	646	105	1	1
44	646	101	1	1
45	117	99	1	1
44	610	3	1	1
45	54	122	1	1
44	610	1	1	1
44	568	8	1	1
44	565	151	1	1
44	565	148	1	1
44	565	144	1	1
44	539	3	1	1
44	539	1	1	1
44	537	15	1	1
44	537	11	1	1
44	537	10	1	1
44	610	4	1	1
45	117	60	1	1
45	117	95	1	1
45	117	93	1	1
45	117	92	1	1
45	117	91	1	1
45	117	90	1	1
45	117	89	1	1
45	117	88	1	1
45	117	87	1	1
45	117	81	1	1
45	117	78	2	1
45	54	120	1	1
45	117	67	1	1
45	54	121	1	1
45	117	35	1	1
45	89	502	1	1
45	57	82	2	1
45	57	81	1	1
45	57	80	1	1
45	57	79	2	1
45	57	66	1	1
45	54	125	1	1
45	54	123	1	1
45	445	203	1	1
45	117	71	1	1
46	117	81	1	1
46	117	100	1	1
46	117	99	1	1
46	117	97	1	1
46	117	96	1	1
46	117	95	1	1
46	117	94	1	1
46	117	93	1	1
46	117	92	1	1
46	117	91	1	1
45	445	197	1	1
46	117	88	1	1
46	132	148	1	1
46	117	71	1	1
46	117	67	1	1
46	117	60	1	1
46	57	82	1	1
46	57	81	1	1
46	57	80	1	1
46	57	79	3	1
46	57	68	1	1
46	57	66	1	1
46	54	125	1	1
46	117	89	1	1
46	289	32	1	1
42	750	9	1	1
46	327	124	1	1
46	327	105	1	1
46	323	3	1	1
46	323	1	1	1
46	289	49	1	1
46	289	47	1	1
46	289	45	1	1
46	289	43	1	1
46	289	41	1	1
46	117	101	1	1
46	289	33	1	1
46	132	137	1	1
46	289	31	1	1
46	289	25	1	1
46	258	4	1	1
46	245	2	2	1
46	154	11	1	1
46	154	8	1	1
46	140	17	1	1
46	132	152	1	1
46	132	151	1	1
46	54	120	1	1
46	289	40	1	1
45	514	15	1	1
46	54	123	1	1
45	537	2	1	1
45	537	1	1	1
45	536	7	1	1
45	536	6	1	1
45	536	5	1	1
45	536	4	1	1
45	536	2	1	1
45	528	7	5	1
45	528	6	4	1
45	537	10	1	1
45	525	2	1	1
45	537	11	1	1
45	514	12	1	1
45	510	7	1	1
45	497	24	1	1
45	497	23	2	1
45	497	20	1	1
45	445	232	1	1
45	445	231	1	1
45	445	230	1	1
45	445	208	1	1
46	330	5	3	1
45	525	4	1	1
45	565	151	1	1
45	445	200	1	1
46	54	116	2	1
46	54	113	1	1
46	54	100	1	1
45	744	101	1	1
45	744	100	1	1
45	646	105	2	1
45	646	101	2	1
45	610	5	1	1
45	610	4	1	1
45	537	4	1	1
45	610	1	1	1
46	54	121	1	1
45	565	150	1	1
45	565	149	1	1
45	565	148	1	1
45	565	144	1	1
45	565	126	2	1
45	539	3	1	1
45	539	1	1	1
45	537	15	2	1
45	537	14	1	1
45	537	12	1	1
45	610	3	1	1
23	330	4	5	1
23	382	2	1	1
21	537	4	1	1
23	323	3	1	1
21	537	10	1	1
23	327	105	1	1
21	537	11	1	1
21	537	12	1	1
39	54	108	1	1
39	54	113	1	1
21	537	14	2	1
21	537	2	1	1
37	750	5	1	1
37	744	101	1	1
23	330	5	7	1
23	330	6	1	1
23	338	13	1	1
23	338	16	1	1
23	338	17	1	1
23	382	1	1	1
23	154	11	1	1
39	54	100	1	1
39	54	120	1	1
39	117	100	1	1
23	154	12	1	1
21	536	3	1	1
23	245	2	1	1
21	536	5	1	1
23	245	11	1	1
23	258	2	1	1
23	289	31	1	1
23	323	1	1	1
23	289	33	1	1
23	382	3	3	1
39	54	116	2	1
23	289	39	1	1
23	289	41	1	1
23	289	42	1	1
23	289	43	1	1
21	536	6	1	1
23	289	47	1	1
21	536	7	1	1
21	537	1	1	1
23	289	32	1	1
23	445	203	1	1
37	650	2	1	1
23	445	107	1	1
37	646	101	1	1
23	445	137	1	1
23	445	139	1	1
23	445	144	1	1
23	445	199	1	1
21	565	126	1	1
23	395	5	1	1
23	445	200	1	1
21	539	3	1	1
23	445	208	1	1
21	565	144	1	1
37	610	4	1	1
21	565	149	1	1
23	445	216	1	1
23	445	224	1	1
37	610	3	1	1
23	445	229	1	1
21	565	150	1	1
37	610	5	1	1
23	384	3	1	1
23	382	5	1	1
23	382	6	1	1
23	382	7	1	1
23	382	8	3	1
23	382	11	1	1
37	646	106	1	1
21	537	15	1	1
21	539	1	1	1
23	395	6	1	1
23	384	2	2	1
23	154	8	1	1
23	384	5	1	1
23	384	6	1	1
23	386	1	2	1
23	386	2	1	1
37	646	105	1	1
23	395	2	1	1
23	395	3	1	1
21	539	2	1	1
23	395	4	1	1
23	384	1	1	1
22	744	101	1	1
23	54	121	1	1
22	610	5	1	1
39	117	71	1	1
22	646	101	3	1
22	646	103	1	1
39	117	70	1	1
22	646	104	1	1
22	650	2	1	1
39	117	87	2	1
22	744	100	1	1
39	117	88	1	1
22	744	102	1	1
39	117	68	1	1
22	750	5	1	1
23	54	100	2	1
39	117	67	2	1
39	117	61	1	1
23	54	113	1	1
23	54	116	1	1
39	54	121	1	1
22	117	92	1	1
21	528	7	4	1
39	117	99	1	1
39	117	97	1	1
39	117	96	1	1
39	117	95	1	1
22	610	3	1	1
21	514	15	1	1
21	525	2	1	1
21	528	6	2	1
39	117	81	1	1
22	610	4	2	1
23	54	123	1	1
21	528	8	1	1
39	117	93	1	1
39	117	92	1	1
21	528	9	1	1
37	610	2	1	1
21	528	14	1	1
37	57	79	2	1
39	117	90	1	1
39	117	89	2	1
39	117	94	1	1
39	57	66	1	1
23	54	120	1	1
23	117	96	1	1
23	117	97	1	1
23	117	99	1	1
23	117	100	1	1
23	132	148	1	1
39	57	81	2	1
39	57	80	1	1
23	117	94	1	1
39	57	73	1	1
23	117	93	1	1
23	132	149	1	1
23	132	150	1	1
21	536	2	1	1
23	132	151	1	1
23	132	152	1	1
23	140	16	1	1
39	54	125	1	1
23	140	17	2	1
23	154	7	1	1
39	57	79	2	1
23	117	71	1	1
39	117	60	1	1
39	117	35	1	1
39	89	663	1	1
23	54	125	1	1
23	57	66	2	1
23	57	73	1	1
23	57	79	2	1
23	57	80	1	1
23	117	95	1	1
23	57	82	1	1
37	610	1	1	1
23	117	78	1	1
23	117	81	1	1
23	117	87	1	1
23	117	88	1	1
23	117	89	1	1
23	117	90	1	1
39	89	460	1	1
23	117	91	1	1
23	117	92	1	1
23	57	81	1	1
22	57	82	1	1
37	117	97	1	1
37	289	45	1	1
37	289	43	1	1
37	289	41	1	1
23	646	101	1	1
37	289	33	1	1
37	289	32	1	1
37	289	31	1	1
37	289	47	1	1
37	154	8	1	1
37	289	49	1	1
37	154	7	1	1
37	154	3	1	1
22	89	7	1	1
23	646	105	1	1
37	140	17	2	1
37	132	150	1	1
37	132	149	1	1
37	117	100	1	1
37	445	203	1	1
37	289	25	1	1
23	565	148	1	1
23	537	14	1	1
23	537	15	2	1
23	539	3	1	1
37	330	4	2	1
22	57	73	1	1
22	57	79	4	1
23	539	4	1	1
23	565	126	1	1
23	610	5	2	1
23	565	144	1	1
37	117	96	1	1
23	565	149	1	1
23	565	150	1	1
23	565	151	1	1
23	568	7	1	1
23	610	1	1	1
23	610	2	1	1
23	610	3	1	1
22	57	81	1	1
23	610	4	1	1
37	327	124	1	1
37	117	67	1	1
37	117	99	1	1
37	54	120	1	1
22	117	67	1	1
37	54	121	1	1
37	117	87	1	1
37	117	81	1	1
37	54	122	1	1
22	117	79	2	1
37	54	115	1	1
37	117	70	1	1
37	117	88	1	1
37	117	60	1	1
37	57	82	1	1
37	57	81	1	1
22	117	78	2	1
37	54	125	1	1
37	57	73	1	1
22	117	70	1	1
22	117	71	2	1
37	57	80	1	1
37	54	123	1	1
22	117	81	1	1
22	89	462	1	1
37	117	95	1	1
37	117	93	1	1
23	646	106	1	1
22	117	91	1	1
37	117	92	1	1
22	117	90	1	1
22	117	89	1	1
37	54	116	1	1
22	117	87	1	1
22	54	122	1	1
23	650	2	2	1
23	744	101	1	1
23	744	102	1	1
22	89	654	1	1
23	750	5	1	1
37	117	89	1	1
22	117	35	1	1
37	54	100	1	1
37	54	113	1	1
22	117	88	1	1
21	646	101	3	1
22	54	125	1	1
37	514	15	1	1
23	525	2	1	1
23	528	6	5	1
37	514	11	1	1
21	610	3	1	1
23	528	7	6	1
23	528	10	1	1
37	528	7	2	1
21	610	5	1	1
37	536	4	1	1
21	646	103	1	1
23	536	2	1	1
37	497	23	1	1
23	536	3	1	1
37	445	233	1	1
37	445	232	1	1
37	445	231	1	1
37	445	230	1	1
23	536	4	1	1
23	528	11	1	1
23	510	7	1	1
39	117	91	1	1
23	445	230	2	1
23	445	231	2	1
37	565	151	2	1
23	445	232	1	1
23	445	233	1	1
23	497	17	1	1
23	497	18	1	1
37	528	6	1	1
23	497	24	1	1
23	536	6	1	1
23	514	11	1	1
23	514	12	1	1
23	514	15	1	1
37	537	15	1	1
37	537	12	1	1
37	537	11	2	1
37	537	10	1	1
37	536	5	1	1
23	514	18	1	1
23	497	23	1	1
37	330	5	3	1
37	395	5	1	1
37	395	4	1	1
37	395	3	1	1
37	395	2	1	1
37	386	2	1	1
37	386	1	1	1
37	382	11	1	1
37	382	7	1	1
23	536	5	1	1
37	330	6	1	1
23	537	10	1	1
22	54	100	1	1
23	537	12	3	1
22	54	108	1	1
22	54	113	1	1
22	54	115	1	1
22	54	116	1	1
22	54	120	1	1
22	54	121	1	1
22	117	93	1	1
37	338	13	1	1
37	445	197	1	1
22	54	123	1	1
21	650	2	1	1
37	445	229	1	1
21	650	3	1	1
37	445	224	1	1
37	445	208	1	1
40	610	3	1	1
23	537	1	1	1
43	54	115	1	1
37	395	6	1	1
37	445	200	1	1
37	445	114	1	1
37	445	144	1	1
37	445	139	1	1
37	445	137	1	1
23	537	3	1	1
23	537	4	1	1
21	744	100	1	1
21	744	101	1	1
21	744	102	1	1
21	646	105	2	1
23	537	2	1	1
22	395	3	1	1
22	327	111	1	1
22	382	7	1	1
22	382	11	1	1
22	384	2	1	1
22	384	3	1	1
40	117	97	1	1
22	384	6	1	1
22	386	1	3	1
22	386	2	2	1
22	382	5	1	1
40	117	96	1	1
40	117	99	1	1
22	395	4	1	1
40	117	95	1	1
40	117	93	1	1
40	117	92	1	1
40	117	89	1	1
40	117	88	1	1
40	117	87	1	1
22	395	5	1	1
40	117	81	1	1
22	395	2	1	1
40	140	17	1	1
39	537	14	1	1
22	338	13	1	1
22	338	17	1	1
40	289	25	1	1
40	245	2	1	1
40	191	38	1	1
40	156	107	1	1
40	154	11	1	1
40	154	8	1	1
22	382	6	1	1
22	382	1	1	1
40	117	67	1	1
40	140	16	1	1
40	132	152	1	1
40	132	151	1	1
40	132	150	1	1
40	132	149	1	1
40	132	148	1	1
40	117	100	1	1
22	382	3	1	1
22	382	4	1	1
40	154	7	1	1
39	610	2	1	1
39	744	101	1	1
39	744	100	1	1
22	433	104	1	1
39	650	3	1	1
39	650	2	1	1
21	536	1	1	1
39	646	105	1	1
39	132	148	2	1
39	646	101	2	1
40	117	78	1	1
39	610	3	1	1
40	54	100	1	1
39	610	1	1	1
39	568	7	1	1
39	565	149	1	1
39	565	148	1	1
39	565	144	1	1
39	565	126	1	1
39	539	4	1	1
39	539	1	1	1
39	537	15	1	1
39	610	5	1	1
21	497	24	1	1
40	289	31	1	1
40	117	60	1	1
40	89	654	1	1
40	89	462	1	1
40	89	143	1	1
40	89	17	1	1
40	57	82	1	1
40	57	81	1	1
40	57	80	1	1
39	744	102	1	1
40	57	73	1	1
39	750	10	1	1
22	395	6	1	1
40	57	66	1	1
40	54	125	1	1
40	54	123	1	1
40	54	122	1	1
40	54	121	1	1
40	54	120	1	1
40	54	116	1	1
40	54	113	1	1
40	117	71	1	1
40	57	79	1	1
22	154	8	1	1
22	330	5	2	1
40	510	7	1	1
40	497	20	1	1
40	497	18	1	1
22	117	100	1	1
22	132	149	1	1
22	132	151	1	1
22	132	152	1	1
22	140	16	2	1
40	514	12	1	1
22	154	7	1	1
40	528	6	4	1
22	154	9	1	1
22	154	11	1	1
22	154	12	1	1
40	445	233	1	1
22	245	2	1	1
22	289	25	1	1
22	289	31	2	1
22	289	32	1	1
22	289	33	1	1
22	140	17	1	1
40	537	12	1	1
40	610	2	1	1
40	610	1	1	1
40	568	8	1	1
40	568	7	1	1
22	117	95	1	1
40	565	151	2	1
40	565	144	1	1
40	539	3	1	1
40	537	15	2	1
40	514	11	1	1
22	117	96	1	1
22	289	43	1	1
40	537	11	2	1
40	537	10	1	1
40	537	2	1	1
40	536	5	1	1
22	117	97	1	1
40	536	4	1	1
40	536	3	1	1
22	117	99	1	1
40	528	8	1	1
40	537	14	1	1
40	296	3	-1	1
40	382	5	1	1
40	382	2	1	1
22	296	4	1	1
40	338	17	1	1
21	497	23	1	1
40	338	16	1	1
40	338	13	1	1
40	330	5	2	1
40	330	4	4	1
22	289	41	1	1
40	323	1	1	1
40	384	5	1	1
40	289	49	2	1
40	289	47	1	1
40	289	46	1	1
40	289	45	1	1
40	289	43	1	1
40	289	41	1	1
40	289	33	1	1
40	289	32	1	1
22	327	105	1	1
40	327	105	1	1
40	445	139	2	1
39	646	103	1	1
40	445	232	1	1
40	445	231	1	1
40	445	230	1	1
40	445	224	1	1
40	445	203	1	1
22	289	46	2	1
22	289	47	1	1
40	445	200	1	1
40	382	7	1	1
40	445	144	1	1
40	382	11	1	1
40	445	137	2	1
40	445	131	1	1
40	395	6	1	1
40	395	5	1	1
22	289	49	1	1
40	395	4	1	1
40	395	3	1	1
40	395	2	1	1
40	386	2	1	1
22	289	42	1	1
40	445	197	1	1
39	382	7	1	1
22	568	8	1	1
22	497	20	1	1
22	497	23	1	1
22	514	11	1	1
22	514	12	1	1
22	514	15	1	1
39	537	12	1	1
39	382	4	1	1
22	565	151	1	1
22	445	232	1	1
22	565	150	1	1
39	382	6	1	1
22	528	6	2	1
22	565	149	1	1
22	528	7	4	1
22	528	10	1	1
22	537	12	1	1
39	156	105	1	1
39	384	3	1	1
39	245	2	2	1
22	537	2	1	1
22	610	2	1	1
39	386	1	1	1
22	536	6	1	1
22	525	2	1	1
22	536	5	1	1
22	497	19	1	1
39	384	4	1	1
22	445	233	1	1
22	610	1	1	1
39	384	2	1	1
39	384	1	1	1
39	382	11	1	1
22	445	229	1	1
22	445	230	1	1
22	445	231	2	1
39	382	3	1	1
39	384	5	1	1
39	154	12	1	1
39	289	42	1	1
39	289	41	1	1
39	289	39	1	1
39	289	33	1	1
39	289	32	1	1
39	289	31	1	1
22	536	4	1	1
39	382	5	1	1
39	258	4	1	1
39	289	45	1	1
39	258	3	1	1
22	539	3	1	1
22	537	15	1	1
39	258	2	1	1
39	245	11	1	1
39	156	107	1	1
22	537	14	1	1
39	289	25	1	1
39	326	2	1	1
39	382	1	1	1
22	528	13	1	1
39	338	16	1	1
39	338	13	1	1
39	330	5	3	1
39	330	4	1	1
39	327	108	1	1
39	289	43	1	1
39	326	4	1	1
22	565	126	1	1
22	565	144	1	1
39	323	3	1	1
22	536	2	1	1
39	296	4	1	1
39	289	49	1	1
22	536	3	1	1
39	289	46	1	1
39	386	2	1	1
39	327	105	1	1
39	528	7	2	1
39	132	149	1	1
22	445	197	1	1
39	528	13	1	1
21	514	11	1	1
39	528	12	1	1
39	132	150	2	1
39	528	11	1	1
22	445	200	1	1
39	528	9	1	1
22	537	10	1	1
39	528	6	4	1
22	445	199	1	1
39	525	2	1	1
39	510	8	1	1
39	132	151	2	1
39	497	24	1	1
39	154	11	1	1
39	528	10	1	1
22	445	134	1	1
22	445	104	1	1
39	537	11	2	1
39	537	10	2	1
39	537	4	1	1
39	537	3	1	1
39	537	2	1	1
39	537	1	1	1
39	528	14	1	1
39	536	7	1	1
39	536	2	1	1
39	536	6	1	1
22	445	137	1	1
22	445	139	1	1
39	536	5	1	1
22	445	144	1	1
39	536	4	1	1
39	536	3	1	1
39	497	20	1	1
22	445	131	1	1
39	154	9	1	1
39	445	197	1	1
39	497	23	1	1
22	537	11	1	1
39	445	144	1	1
39	154	8	1	1
39	445	141	1	1
22	445	224	1	1
39	384	6	1	1
39	445	137	1	1
39	154	7	1	1
39	445	120	1	1
39	395	6	1	1
39	154	10	1	1
39	395	5	1	1
39	395	4	2	1
39	395	3	1	1
39	395	2	1	1
39	445	139	1	1
39	445	216	1	1
39	497	18	1	1
39	497	17	1	1
39	445	232	1	1
39	445	231	1	1
39	445	230	1	1
22	445	208	2	1
39	445	224	2	1
22	445	203	1	1
39	445	208	1	1
39	445	203	1	1
39	132	152	2	1
39	445	200	1	1
39	140	15	-1	1
39	445	198	1	1
39	140	17	2	1
22	537	4	1	1
22	445	201	1	1
5	54	118	3	2
45	89	12	2	2
4	89	536	2	2
4	89	517	2	2
3	327	124	2	2
4	89	502	2	2
4	89	549	2	2
4	89	469	2	2
4	89	460	2	2
4	89	21	1	2
5	89	4	2	2
4	89	229	2	2
5	89	21	2	2
4	89	143	2	2
5	89	43	2	2
18	89	462	2	2
4	89	43	2	2
4	89	12	2	2
18	537	11	1	2
46	57	72	-1	2
20	537	11	1	2
52	89	502	2	2
52	89	17	2	2
18	646	106	2	2
52	54	123	2	2
23	289	35	3	2
23	289	45	1	2
3	445	229	2	2
4	536	6	2	2
4	289	45	2	2
23	289	49	1	2
4	327	124	2	2
23	528	8	1	2
23	327	124	2	2
18	536	2	1	2
18	384	6	1	2
4	445	229	1	2
4	445	224	2	2
45	445	233	1	2
46	646	106	2	2
20	650	2	1	2
45	89	143	2	2
45	89	460	1	2
45	89	462	2	2
4	89	663	2	2
4	89	665	2	2
46	289	46	2	2
45	89	517	1	2
45	89	538	2	2
52	89	654	2	2
22	289	45	1	2
45	89	17	2	2
4	646	106	2	2
23	117	67	1	2
20	57	80	1	2
3	646	106	2	2
20	497	23	1	2
52	117	89	1	2
4	245	2	2	2
45	744	102	1	2
45	646	106	2	2
45	89	654	1	2
5	750	9	4	2
8	89	463	2	2
8	89	462	1	2
8	89	460	2	2
8	89	452	2	2
8	89	143	2	2
8	89	26	2	2
5	568	6	2	2
12	289	38	1	2
8	89	661	2	2
22	327	124	2	2
21	445	229	1	2
5	650	4	2	2
21	528	13	1	2
5	610	4	11	2
5	610	2	5	2
8	140	9	1	2
8	89	17	2	2
8	117	68	2	2
5	445	143	1	2
12	89	544	2	2
12	89	654	2	2
12	89	665	2	2
12	89	675	2	2
12	89	682	2	2
39	338	17	1	2
8	89	502	2	2
39	289	47	1	2
8	89	544	1	2
8	89	682	2	2
8	89	680	2	2
8	89	677	2	2
8	89	676	2	2
8	89	675	2	2
8	89	662	2	2
12	330	4	6	2
39	323	1	1	2
3	89	513	2	2
3	89	43	1	2
39	54	123	2	2
5	497	18	7	2
21	536	4	1	2
3	89	460	2	2
3	89	462	2	2
5	610	1	12	2
3	89	502	2	2
5	327	121	3	2
3	89	517	2	2
3	89	538	2	2
5	445	223	2	2
43	646	106	2	2
3	89	654	2	2
3	89	663	2	2
5	445	183	1	2
3	89	488	2	2
39	89	502	2	2
3	89	7	2	2
5	565	147	5	2
12	338	17	1	2
3	89	12	2	2
39	89	654	2	2
39	89	538	2	2
44	117	67	1	2
5	514	12	3	2
5	536	2	13	2
12	386	1	2	2
39	89	143	2	2
3	89	17	2	2
39	89	26	2	2
3	89	21	2	2
39	89	12	2	2
39	89	7	2	2
12	89	502	2	2
39	89	517	2	2
10	89	143	2	2
42	117	67	1	2
40	445	229	1	2
9	289	45	2	2
9	539	1	1	2
9	565	151	1	2
9	646	106	2	2
9	89	676	2	2
10	89	12	2	2
42	89	675	2	2
10	89	460	2	2
10	89	538	2	2
10	89	654	2	2
42	338	17	1	2
9	89	682	2	2
9	89	680	2	2
12	89	517	2	2
10	89	7	2	2
42	89	488	2	2
42	54	113	1	2
42	54	123	1	2
42	89	7	2	2
42	89	12	2	2
42	89	17	2	2
42	89	21	2	2
42	89	26	2	2
42	89	682	2	2
42	89	460	2	2
42	89	677	2	2
42	89	502	2	2
42	89	513	2	2
42	89	544	2	2
42	89	654	2	2
42	89	663	2	2
42	89	665	2	2
9	89	675	2	2
42	89	143	2	2
8	296	3	-5	2
42	565	151	5	2
42	610	1	1	2
42	610	2	1	2
42	610	4	1	2
42	646	106	2	2
39	525	4	1	2
9	89	677	2	2
39	445	229	3	2
39	646	106	2	2
12	54	100	1	2
12	89	7	2	2
8	154	7	2	2
12	89	12	2	2
12	89	143	2	2
12	89	460	2	2
12	89	462	2	2
8	386	1	6	2
9	89	462	2	2
9	89	662	2	2
9	89	654	2	2
9	89	544	2	2
9	89	520	2	2
9	89	519	2	2
9	89	517	2	2
9	89	513	2	2
8	445	203	1	2
9	89	463	2	2
8	445	229	1	2
9	89	143	2	2
9	89	26	2	2
9	89	12	2	2
9	57	82	1	2
9	57	66	1	2
8	646	106	2	2
5	514	19	4	2
9	89	502	2	2
21	568	7	1	2
52	445	224	2	2
3	245	2	2	2
21	750	5	1	2
21	646	106	2	2
21	610	4	1	2
21	327	124	2	2
21	610	2	1	2
21	610	1	2	2
5	327	104	3	2
5	381	101	2	2
52	568	7	1	2
5	117	93	7	2
5	327	114	2	2
21	565	151	2	2
5	327	123	1	2
12	445	229	2	2
21	382	8	1	2
5	338	11	1	2
5	338	16	14	2
5	338	17	10	2
5	372	7	-4	2
21	338	16	1	2
3	327	105	1	2
44	646	106	2	2
5	89	454	2	2
5	89	460	2	2
5	89	463	2	2
18	57	80	1	2
5	89	486	1	2
5	89	509	2	2
5	89	512	2	2
5	89	517	2	2
22	57	66	3	2
5	89	543	2	2
22	57	80	2	2
5	89	673	2	2
5	89	674	2	2
5	89	678	2	2
5	89	680	1	2
3	296	3	1	2
12	646	106	2	2
22	89	17	2	2
21	140	16	2	2
12	565	151	1	2
21	568	8	1	2
5	89	537	2	2
5	384	4	6	2
5	384	5	1	2
5	445	129	2	2
39	327	124	2	2
5	445	101	2	2
5	445	103	2	2
5	289	23	1	3
5	117	92	5	3
4	382	7	1	3
5	497	19	9	3
5	497	20	9	3
8	89	654	3	3
12	89	17	3	3
21	743	100	3	3
5	117	91	11	3
5	289	12	1	3
46	743	100	3	3
5	289	44	3	3
5	289	49	24	3
5	384	6	4	3
5	327	109	2	3
4	89	7	2	3
8	89	12	3	3
12	89	538	3	3
5	89	672	3	3
5	89	394	3	3
42	57	66	2	3
44	743	100	3	3
5	445	201	1	3
5	89	20	3	3
5	445	207	1	3
20	743	100	1	3
5	89	545	3	3
5	497	16	2	3
5	89	668	3	3
5	117	90	16	3
37	743	100	2	3
5	54	105	3	3
5	89	683	1	3
18	743	100	2	3
3	528	7	7	3
5	510	8	1	3
9	89	7	2	3
8	89	7	3	3
5	89	549	3	3
5	568	4	1	3
5	537	1	8	3
5	382	7	25	3
4	89	544	2	3
5	537	11	9	3
5	539	2	3	3
39	117	78	2	3
5	528	14	5	3
4	89	462	2	3
5	328	100	3	3
5	744	102	4	3
5	384	2	8	3
5	565	149	2	3
5	750	10	5	3
5	536	7	2	3
5	568	8	6	4
4	89	538	3	4
5	89	675	4	4
5	54	117	5	4
5	338	10	2	4
5	54	115	4	4
5	89	671	4	4
5	497	22	7	4
5	89	667	4	4
9	89	538	3	4
5	89	682	4	4
5	384	1	4	4
5	360	100	4	4
5	117	89	14	4
5	89	677	4	4
5	323	2	7	4
8	89	538	4	4
5	258	3	8	4
5	384	3	9	4
42	89	462	3	4
5	445	195	1	4
5	445	204	3	4
5	289	38	12	4
5	89	665	4	4
5	528	12	10	4
5	89	669	4	4
5	433	105	3	5
40	743	100	5	5
5	89	469	5	5
4	743	100	5	5
45	743	100	4	5
5	536	4	9	5
5	89	353	5	5
52	743	100	5	5
5	445	138	2	5
5	565	144	7	5
5	117	48	2	5
5	382	1	6	5
42	89	538	4	5
5	382	6	11	5
5	89	7	5	5
5	539	3	1	5
5	89	663	4	5
5	382	11	18	5
3	743	100	5	5
5	528	11	5	5
5	289	39	12	5
5	289	25	2	5
5	117	81	5	5
5	610	3	1	5
5	154	12	5	5
5	536	3	4	5
5	528	13	8	5
10	743	100	4	5
5	565	150	8	5
39	743	100	4	5
5	117	97	13	5
5	568	5	4	5
5	514	15	4	6
5	537	13	4	6
5	445	106	2	6
5	89	652	6	6
5	289	35	9	6
5	117	87	8	6
5	395	4	1	6
5	445	105	3	6
5	89	435	6	6
5	445	141	3	6
5	326	4	3	6
5	445	199	3	6
5	327	113	4	6
5	528	9	10	6
5	537	10	15	6
5	565	139	6	6
5	89	681	5	6
5	258	4	16	6
5	117	100	56	6
5	89	670	6	6
5	445	107	4	6
5	395	5	3	6
5	156	105	1	6
5	117	99	82	6
5	117	96	13	6
5	382	2	5	6
5	89	676	5	6
5	117	95	4	6
5	395	2	7	7
5	132	136	3	7
5	536	6	7	7
5	536	5	9	7
5	327	110	8	7
5	565	126	3	7
5	89	229	7	7
5	395	3	7	7
5	445	136	6	7
5	514	18	16	7
5	330	4	2	7
5	395	6	4	7
5	89	513	5	7
5	154	10	5	7
5	54	120	4	7
5	445	104	7	7
5	382	4	3	7
5	433	104	3	7
5	565	148	8	7
5	89	502	7	7
5	117	101	37	8
5	245	1	2	8
5	156	106	7	8
5	323	3	15	8
5	338	9	4	8
5	445	131	6	8
5	445	135	2	8
5	127	3	-2	8
5	117	94	6	8
5	117	88	6	8
5	117	60	6	8
5	117	9	6	8
5	514	13	2	8
5	539	4	1	8
5	132	132	3	8
5	646	103	8	8
5	750	8	7	8
5	744	100	4	8
5	646	105	1	8
5	750	7	1	9
5	156	107	7	9
5	327	111	16	9
5	327	115	7	9
5	338	4	4	9
5	750	6	5	9
5	54	121	7	9
5	89	544	9	9
5	132	133	3	9
5	245	6	4	9
5	117	66	1	9
5	258	2	6	9
5	89	462	9	9
5	89	664	9	9
5	89	538	9	9
22	743	100	10	10
5	154	8	9	10
5	289	41	5	10
5	289	33	7	10
5	289	43	8	10
5	132	145	3	10
5	445	213	3	10
5	289	32	7	10
23	743	100	10	10
5	326	2	3	10
5	89	26	10	10
5	445	226	2	10
5	497	11	6	10
5	386	2	13	10
5	327	105	3	11
5	514	11	6	11
5	289	31	19	11
5	528	10	5	12
5	338	14	3	12
5	445	198	5	12
5	743	100	8	12
5	89	12	12	12
5	154	3	8	12
5	382	5	2	12
5	327	108	16	13
5	89	143	13	13
5	54	123	11	13
5	445	216	6	14
5	445	122	10	14
5	382	12	1	14
5	750	4	5	14
5	117	78	27	14
5	132	137	5	15
5	382	3	3	15
5	54	116	14	16
5	154	9	3	16
5	445	121	14	17
5	132	146	5	18
5	89	654	16	18
5	117	61	3	19
5	132	138	3	19
5	289	40	6	19
12	743	100	3	20
8	743	100	16	20
5	330	5	41	21
5	323	1	8	21
5	132	142	6	23
5	132	147	15	23
5	744	101	9	25
5	132	151	18	25
42	743	100	23	25
5	245	11	2	26
5	132	152	19	27
5	445	228	5	27
5	132	149	20	27
5	445	137	10	27
5	132	148	21	27
5	132	150	19	27
5	54	125	25	28
5	154	7	5	29
5	445	232	21	29
5	54	122	29	29
5	386	1	27	29
5	445	203	10	30
5	445	200	19	32
5	445	139	25	34
5	445	233	13	34
5	565	151	24	35
5	445	227	2	45
5	54	100	44	49
9	743	100	50	50
5	445	224	31	66
5	646	106	68	69
5	528	7	62	71
5	445	197	47	74
5	646	101	49	75
5	445	144	28	77
5	445	230	46	79
5	445	231	60	115
5	327	124	121	123
5	445	229	45	145
